{'timestamp': '2026-06-09T06:36:35.010834+00:00', 'severity': 'INFO', 'endpoint': '/registry/classifiers', 'query_string': None, 'data': {'classifier_system': 'MKS', 'code': 'TEST_01', 'full_name': 'Test Classifier'}, 'error': None}
{'timestamp': '2026-06-09T06:36:35.034256+00:00', 'severity': 'INFO', 'endpoint': '/registry/classifiers', 'query_string': None, 'data': {'classifier_system': 'MKS', 'code': 'TEST_DUP', 'full_name': 'Test Classifier'}, 'error': None}
{'timestamp': '2026-06-09T06:36:35.037445+00:00', 'severity': 'INFO', 'endpoint': '/registry/classifiers', 'query_string': None, 'data': {'classifier_system': 'MKS', 'code': 'TEST_DUP', 'full_name': 'Test Classifier'}, 'error': None}
{'timestamp': '2026-06-09T06:36:35.053005+00:00', 'severity': 'INFO', 'endpoint': '/registry/classifiers', 'query_string': None, 'data': {'classifier_system': 'MKS', 'code': 'TEST_VAL'}, 'error': None}
{'timestamp': '2026-06-09T06:36:35.068566+00:00', 'severity': 'INFO', 'endpoint': '/registry/classifiers', 'query_string': None, 'data': {'classifier_system': 'MKS', 'code': 'TEST_02', 'full_name': 'Test 2'}, 'error': None}
{'timestamp': '2026-06-09T06:36:35.071872+00:00', 'severity': 'INFO', 'endpoint': '/registry/classifiers', 'query_string': None, 'data': {'classifier_system': 'OKSTU', 'code': 'TEST_03', 'full_name': 'Test 3'}, 'error': None}
{'timestamp': '2026-06-09T06:36:35.075620+00:00', 'severity': 'INFO', 'endpoint': '/registry/classifiers', 'query_string': None, 'data': None, 'error': None}
{'timestamp': '2026-06-09T06:36:35.095632+00:00', 'severity': 'INFO', 'endpoint': '/registry/classifiers', 'query_string': None, 'data': {'classifier_system': 'MKS', 'code': 'TEST_MKS', 'full_name': 'Test MKS'}, 'error': None}
{'timestamp': '2026-06-09T06:36:35.099373+00:00', 'severity': 'INFO', 'endpoint': '/registry/classifiers', 'query_string': None, 'data': {'classifier_system': 'OKSTU', 'code': 'TEST_OKSTU', 'full_name': 'Test OKSTU'}, 'error': None}
{'timestamp': '2026-06-09T06:36:35.101758+00:00', 'severity': 'INFO', 'endpoint': '/registry/classifiers', 'query_string': None, 'data': {'classifier_system': 'MKS', 'code': 'TEST_ACTIVE', 'full_name': 'Test Active', 'status': 'active'}, 'error': None}
{'timestamp': '2026-06-09T06:36:35.104241+00:00', 'severity': 'INFO', 'endpoint': '/registry/classifiers', 'query_string': None, 'data': None, 'error': None}
{'timestamp': '2026-06-09T06:36:35.109612+00:00', 'severity': 'INFO', 'endpoint': '/registry/classifiers', 'query_string': None, 'data': None, 'error': None}
{'timestamp': '2026-06-09T06:36:35.128277+00:00', 'severity': 'INFO', 'endpoint': '/registry/classifiers', 'query_string': None, 'data': {'classifier_system': 'MKS', 'code': 'TEST_SEARCH', 'full_name': 'Machine Learning Classifier'}, 'error': None}
{'timestamp': '2026-06-09T06:36:35.131649+00:00', 'severity': 'INFO', 'endpoint': '/registry/classifiers', 'query_string': None, 'data': {'classifier_system': 'MKS', 'code': 'TEST_OTHER', 'full_name': 'Other Classifier'}, 'error': None}
{'timestamp': '2026-06-09T06:36:35.134259+00:00', 'severity': 'INFO', 'endpoint': '/registry/classifiers', 'query_string': None, 'data': None, 'error': None}
{'timestamp': '2026-06-09T06:36:35.151496+00:00', 'severity': 'INFO', 'endpoint': '/registry/classifiers', 'query_string': None, 'data': {'classifier_system': 'MKS', 'code': 'TEST_PAGE_0', 'full_name': 'Test 0'}, 'error': None}
{'timestamp': '2026-06-09T06:36:35.155381+00:00', 'severity': 'INFO', 'endpoint': '/registry/classifiers', 'query_string': None, 'data': {'classifier_system': 'MKS', 'code': 'TEST_PAGE_1', 'full_name': 'Test 1'}, 'error': None}
{'timestamp': '2026-06-09T06:36:35.158516+00:00', 'severity': 'INFO', 'endpoint': '/registry/classifiers', 'query_string': None, 'data': {'classifier_system': 'MKS', 'code': 'TEST_PAGE_2', 'full_name': 'Test 2'}, 'error': None}
{'timestamp': '2026-06-09T06:36:35.162124+00:00', 'severity': 'INFO', 'endpoint': '/registry/classifiers', 'query_string': None, 'data': {'classifier_system': 'MKS', 'code': 'TEST_PAGE_3', 'full_name': 'Test 3'}, 'error': None}
{'timestamp': '2026-06-09T06:36:35.164881+00:00', 'severity': 'INFO', 'endpoint': '/registry/classifiers', 'query_string': None, 'data': {'classifier_system': 'MKS', 'code': 'TEST_PAGE_4', 'full_name': 'Test 4'}, 'error': None}
{'timestamp': '2026-06-09T06:36:35.167490+00:00', 'severity': 'INFO', 'endpoint': '/registry/classifiers', 'query_string': None, 'data': {'classifier_system': 'MKS', 'code': 'TEST_PAGE_5', 'full_name': 'Test 5'}, 'error': None}
{'timestamp': '2026-06-09T06:36:35.170260+00:00', 'severity': 'INFO', 'endpoint': '/registry/classifiers', 'query_string': None, 'data': {'classifier_system': 'MKS', 'code': 'TEST_PAGE_6', 'full_name': 'Test 6'}, 'error': None}
{'timestamp': '2026-06-09T06:36:35.172886+00:00', 'severity': 'INFO', 'endpoint': '/registry/classifiers', 'query_string': None, 'data': {'classifier_system': 'MKS', 'code': 'TEST_PAGE_7', 'full_name': 'Test 7'}, 'error': None}
{'timestamp': '2026-06-09T06:36:35.176122+00:00', 'severity': 'INFO', 'endpoint': '/registry/classifiers', 'query_string': None, 'data': {'classifier_system': 'MKS', 'code': 'TEST_PAGE_8', 'full_name': 'Test 8'}, 'error': None}
{'timestamp': '2026-06-09T06:36:35.179118+00:00', 'severity': 'INFO', 'endpoint': '/registry/classifiers', 'query_string': None, 'data': {'classifier_system': 'MKS', 'code': 'TEST_PAGE_9', 'full_name': 'Test 9'}, 'error': None}
{'timestamp': '2026-06-09T06:36:35.181452+00:00', 'severity': 'INFO', 'endpoint': '/registry/classifiers', 'query_string': None, 'data': {'classifier_system': 'MKS', 'code': 'TEST_PAGE_10', 'full_name': 'Test 10'}, 'error': None}
{'timestamp': '2026-06-09T06:36:35.183712+00:00', 'severity': 'INFO', 'endpoint': '/registry/classifiers', 'query_string': None, 'data': {'classifier_system': 'MKS', 'code': 'TEST_PAGE_11', 'full_name': 'Test 11'}, 'error': None}
{'timestamp': '2026-06-09T06:36:35.186280+00:00', 'severity': 'INFO', 'endpoint': '/registry/classifiers', 'query_string': None, 'data': {'classifier_system': 'MKS', 'code': 'TEST_PAGE_12', 'full_name': 'Test 12'}, 'error': None}
{'timestamp': '2026-06-09T06:36:35.188806+00:00', 'severity': 'INFO', 'endpoint': '/registry/classifiers', 'query_string': None, 'data': {'classifier_system': 'MKS', 'code': 'TEST_PAGE_13', 'full_name': 'Test 13'}, 'error': None}
{'timestamp': '2026-06-09T06:36:35.191529+00:00', 'severity': 'INFO', 'endpoint': '/registry/classifiers', 'query_string': None, 'data': {'classifier_system': 'MKS', 'code': 'TEST_PAGE_14', 'full_name': 'Test 14'}, 'error': None}
{'timestamp': '2026-06-09T06:36:35.194606+00:00', 'severity': 'INFO', 'endpoint': '/registry/classifiers', 'query_string': None, 'data': None, 'error': None}
{'timestamp': '2026-06-09T06:36:35.210303+00:00', 'severity': 'INFO', 'endpoint': '/registry/classifiers', 'query_string': None, 'data': {'classifier_system': 'MKS', 'code': 'TEST_03', 'full_name': 'Test 3'}, 'error': None}
{'timestamp': '2026-06-09T06:36:35.213851+00:00', 'severity': 'INFO', 'endpoint': '/registry/classifiers/TEST_03', 'query_string': None, 'data': None, 'error': None}
{'timestamp': '2026-06-09T06:36:35.228926+00:00', 'severity': 'INFO', 'endpoint': '/registry/classifiers/NONEXISTENT', 'query_string': None, 'data': None, 'error': None}
{'timestamp': '2026-06-09T06:36:35.244391+00:00', 'severity': 'INFO', 'endpoint': '/registry/classifiers', 'query_string': None, 'data': {'classifier_system': 'MKS', 'code': 'TEST_04', 'full_name': 'Test 4'}, 'error': None}
{'timestamp': '2026-06-09T06:36:35.248331+00:00', 'severity': 'INFO', 'endpoint': '/registry/classifiers/TEST_04', 'query_string': None, 'data': {'full_name': 'Updated Test 4'}, 'error': None}
{'timestamp': '2026-06-09T06:36:35.264808+00:00', 'severity': 'INFO', 'endpoint': '/registry/classifiers/NONEXISTENT', 'query_string': None, 'data': {'full_name': 'Updated Name'}, 'error': None}
{'timestamp': '2026-06-09T06:36:35.279339+00:00', 'severity': 'INFO', 'endpoint': '/registry/classifiers', 'query_string': None, 'data': {'classifier_system': 'MKS', 'code': 'TEST_05', 'full_name': 'Test 5'}, 'error': None}
{'timestamp': '2026-06-09T06:36:35.282711+00:00', 'severity': 'INFO', 'endpoint': '/registry/classifiers/TEST_05', 'query_string': None, 'data': None, 'error': None}
{'timestamp': '2026-06-09T06:36:35.290295+00:00', 'severity': 'INFO', 'endpoint': '/registry/classifiers/TEST_05', 'query_string': None, 'data': None, 'error': None}
{'timestamp': '2026-06-09T06:36:35.312243+00:00', 'severity': 'INFO', 'endpoint': '/registry/classifiers', 'query_string': None, 'data': {'classifier_system': 'MKS', 'code': 'PARENT', 'full_name': 'Parent'}, 'error': None}
{'timestamp': '2026-06-09T06:36:35.315557+00:00', 'severity': 'INFO', 'endpoint': '/registry/classifiers', 'query_string': None, 'data': {'classifier_system': 'MKS', 'code': 'CHILD', 'full_name': 'Child', 'parent_code': 'PARENT'}, 'error': None}
{'timestamp': '2026-06-09T06:36:35.317895+00:00', 'severity': 'INFO', 'endpoint': '/registry/classifiers/PARENT', 'query_string': None, 'data': None, 'error': None}
{'timestamp': '2026-06-09T06:36:35.320082+00:00', 'severity': 'INFO', 'endpoint': '/registry/classifiers/PARENT', 'query_string': None, 'data': None, 'error': None}
{'timestamp': '2026-06-09T06:36:35.337344+00:00', 'severity': 'INFO', 'endpoint': '/registry/classifiers/NONEXISTENT', 'query_string': None, 'data': None, 'error': None}
{'timestamp': '2026-06-09T06:36:35.352793+00:00', 'severity': 'INFO', 'endpoint': '/registry/classifiers', 'query_string': None, 'data': {'classifier_system': 'MKS', 'code': 'ROOT_1', 'full_name': 'Root Classifier'}, 'error': None}
{'timestamp': '2026-06-09T06:36:35.357361+00:00', 'severity': 'INFO', 'endpoint': '/registry/classifiers', 'query_string': None, 'data': {'classifier_system': 'MKS', 'code': 'CHILD_1', 'full_name': 'Child Classifier', 'parent_code': 'ROOT_1'}, 'error': None}
{'timestamp': '2026-06-09T06:36:35.360930+00:00', 'severity': 'INFO', 'endpoint': '/registry/classifiers', 'query_string': None, 'data': {'classifier_system': 'MKS', 'code': 'CHILD_2', 'full_name': 'Child 2', 'parent_code': 'ROOT_1'}, 'error': None}
{'timestamp': '2026-06-09T06:36:35.364148+00:00', 'severity': 'INFO', 'endpoint': '/registry/classifiers/tree', 'query_string': None, 'data': None, 'error': None}
{'timestamp': '2026-06-09T06:36:35.380644+00:00', 'severity': 'INFO', 'endpoint': '/registry/classifiers', 'query_string': None, 'data': {'classifier_system': 'MKS', 'code': 'ROOT_A', 'full_name': 'Root A'}, 'error': None}
{'timestamp': '2026-06-09T06:36:35.383677+00:00', 'severity': 'INFO', 'endpoint': '/registry/classifiers', 'query_string': None, 'data': {'classifier_system': 'MKS', 'code': 'ROOT_B', 'full_name': 'Root B'}, 'error': None}
{'timestamp': '2026-06-09T06:36:35.386262+00:00', 'severity': 'INFO', 'endpoint': '/registry/classifiers', 'query_string': None, 'data': {'classifier_system': 'MKS', 'code': 'CHILD_A', 'full_name': 'Child A', 'parent_code': 'ROOT_A'}, 'error': None}
{'timestamp': '2026-06-09T06:36:35.388898+00:00', 'severity': 'INFO', 'endpoint': '/registry/classifiers/tree', 'query_string': None, 'data': None, 'error': None}
{'timestamp': '2026-06-09T06:36:35.403689+00:00', 'severity': 'INFO', 'endpoint': '/registry/classifiers', 'query_string': None, 'data': {'classifier_system': 'MKS', 'code': 'ROOT_SEARCH', 'full_name': 'Machine Learning Root'}, 'error': None}
{'timestamp': '2026-06-09T06:36:35.407071+00:00', 'severity': 'INFO', 'endpoint': '/registry/classifiers', 'query_string': None, 'data': {'classifier_system': 'MKS', 'code': 'CHILD_SEARCH', 'full_name': 'ML Child', 'parent_code': 'ROOT_SEARCH'}, 'error': None}
{'timestamp': '2026-06-09T06:36:35.410500+00:00', 'severity': 'INFO', 'endpoint': '/registry/classifiers/tree', 'query_string': None, 'data': None, 'error': None}
{'timestamp': '2026-06-09T06:36:35.426503+00:00', 'severity': 'INFO', 'endpoint': '/registry/classifiers', 'query_string': None, 'data': {'classifier_system': 'MKS', 'code': 'TEST_PATCH', 'full_name': 'Original Name'}, 'error': None}
{'timestamp': '2026-06-09T06:36:35.430995+00:00', 'severity': 'INFO', 'endpoint': '/registry/classifiers/TEST_PATCH', 'query_string': None, 'data': {'full_name': 'Patched Name'}, 'error': None}
{'timestamp': '2026-06-09T06:36:35.446758+00:00', 'severity': 'INFO', 'endpoint': '/registry/classifiers/NONEXISTENT', 'query_string': None, 'data': {'full_name': 'Patched Name'}, 'error': None}
{'timestamp': '2026-06-09T06:36:35.463147+00:00', 'severity': 'INFO', 'endpoint': '/registry/classifiers/import', 'query_string': None, 'data': None, 'error': None}
{'timestamp': '2026-06-09T06:36:35.478667+00:00', 'severity': 'INFO', 'endpoint': '/registry/classifiers', 'query_string': None, 'data': {'classifier_system': 'MKS', 'code': 'PARENT_FILTER', 'full_name': 'Parent Filter'}, 'error': None}
{'timestamp': '2026-06-09T06:36:35.481877+00:00', 'severity': 'INFO', 'endpoint': '/registry/classifiers', 'query_string': None, 'data': {'classifier_system': 'MKS', 'code': 'CHILD_FILTER', 'full_name': 'Child Filter', 'parent_code': 'PARENT_FILTER'}, 'error': None}
{'timestamp': '2026-06-09T06:36:35.484131+00:00', 'severity': 'INFO', 'endpoint': '/registry/classifiers', 'query_string': None, 'data': {'classifier_system': 'MKS', 'code': 'ROOT_FILTER', 'full_name': 'Root Filter'}, 'error': None}
{'timestamp': '2026-06-09T06:36:35.486533+00:00', 'severity': 'INFO', 'endpoint': '/registry/classifiers', 'query_string': None, 'data': None, 'error': None}
{'timestamp': '2026-06-09T06:36:35.503518+00:00', 'severity': 'INFO', 'endpoint': '/registry/classifiers', 'query_string': None, 'data': {'classifier_system': 'MKS', 'code': 'H_ROOT', 'full_name': 'Hierarchical Root'}, 'error': None}
{'timestamp': '2026-06-09T06:36:35.506720+00:00', 'severity': 'INFO', 'endpoint': '/registry/classifiers', 'query_string': None, 'data': {'classifier_system': 'MKS', 'code': 'H_ROOT.CHILD1', 'full_name': 'Child 1', 'parent_code': 'H_ROOT'}, 'error': None}
{'timestamp': '2026-06-09T06:36:35.510034+00:00', 'severity': 'INFO', 'endpoint': '/registry/classifiers', 'query_string': None, 'data': {'classifier_system': 'MKS', 'code': 'H_ROOT.CHILD1.GRANDCHILD', 'full_name': 'Grandchild', 'parent_code': 'H_ROOT.CHILD1'}, 'error': None}
{'timestamp': '2026-06-09T06:36:35.513009+00:00', 'severity': 'INFO', 'endpoint': '/registry/classifiers/tree', 'query_string': None, 'data': None, 'error': None}
{'timestamp': '2026-06-09T06:36:35.529941+00:00', 'severity': 'INFO', 'endpoint': '/registry/classifiers', 'query_string': None, 'data': {'classifier_system': 'MKS', 'code': 'EFF_01', 'full_name': 'Effective Date Test', 'effective_date': '2026-06-08T00:00:00'}, 'error': None}
{'timestamp': '2026-06-09T06:36:35.547502+00:00', 'severity': 'INFO', 'endpoint': '/registry/classifiers', 'query_string': None, 'data': {'classifier_system': 'MKS', 'code': 'MKS_REF', 'full_name': 'Referenced Classifier'}, 'error': None}
{'timestamp': '2026-06-09T06:36:35.551247+00:00', 'severity': 'INFO', 'endpoint': '/registry/documents', 'query_string': None, 'data': {'title': 'Document Ref Test', 'doc_code': 'DOC_REF_01', 'mks_oks_code': 'MKS_REF'}, 'error': None}
{'timestamp': '2026-06-09T06:36:35.555910+00:00', 'severity': 'INFO', 'endpoint': '/registry/documents', 'query_string': None, 'data': {'doc_code': 'DOC_REF_01'}, 'error': 'Document created'}
{'timestamp': '2026-06-09T06:36:35.558469+00:00', 'severity': 'INFO', 'endpoint': '/registry/classifiers/MKS_REF', 'query_string': None, 'data': None, 'error': None}
{'timestamp': '2026-06-09T06:36:35.575616+00:00', 'severity': 'INFO', 'endpoint': '/registry/classifiers', 'query_string': None, 'data': {'classifier_system': 'MKS', 'code': '47.020', 'full_name': 'Parent Section'}, 'error': None}
{'timestamp': '2026-06-09T06:36:35.582444+00:00', 'severity': 'INFO', 'endpoint': '/registry/classifiers/pending', 'query_string': None, 'data': None, 'error': None}
{'timestamp': '2026-06-09T06:36:35.599693+00:00', 'severity': 'INFO', 'endpoint': '/registry/enums', 'query_string': None, 'data': None, 'error': None}
{'timestamp': '2026-06-09T06:36:35.617387+00:00', 'severity': 'INFO', 'endpoint': '/registry/enums', 'query_string': None, 'data': None, 'error': None}
{'timestamp': '2026-06-09T06:36:35.633517+00:00', 'severity': 'INFO', 'endpoint': '/registry/stats', 'query_string': None, 'data': None, 'error': None}
{'timestamp': '2026-06-09T06:36:35.658034+00:00', 'severity': 'INFO', 'endpoint': '/registry/classifiers', 'query_string': None, 'data': {'classifier_system': 'MKS', 'code': 'STATS_01', 'full_name': 'Stats Classifier'}, 'error': None}
{'timestamp': '2026-06-09T06:36:35.662258+00:00', 'severity': 'INFO', 'endpoint': '/registry/classifiers', 'query_string': None, 'data': {'classifier_system': 'MKS', 'code': 'STATS_02', 'full_name': 'Stats Classifier 2'}, 'error': None}
{'timestamp': '2026-06-09T06:36:35.666072+00:00', 'severity': 'INFO', 'endpoint': '/registry/terminology', 'query_string': None, 'data': {'raw_term': 'Stats Term', 'standard_term': 'Stats Term', 'normalized_value': 'stats term', 'term_type': 'term'}, 'error': None}
{'timestamp': '2026-06-09T06:36:35.670750+00:00', 'severity': 'INFO', 'endpoint': '/registry/documents', 'query_string': None, 'data': {'title': 'Stats Document', 'status': 'draft', 'classifier_system': 'MKS'}, 'error': None}
{'timestamp': '2026-06-09T06:36:35.672438+00:00', 'severity': 'INFO', 'endpoint': '/registry/documents', 'query_string': None, 'data': {'doc_code': 'STATS-DOCUMENT'}, 'error': 'Document created'}
{'timestamp': '2026-06-09T06:36:35.674339+00:00', 'severity': 'INFO', 'endpoint': '/registry/documents', 'query_string': None, 'data': {'title': 'Stats Document 2', 'status': 'approved', 'classifier_system': 'MKS'}, 'error': None}
{'timestamp': '2026-06-09T06:36:35.676264+00:00', 'severity': 'INFO', 'endpoint': '/registry/documents', 'query_string': None, 'data': {'doc_code': 'STATS-DOCUMENT-2'}, 'error': 'Document created'}
{'timestamp': '2026-06-09T06:36:35.678369+00:00', 'severity': 'INFO', 'endpoint': '/registry/stats', 'query_string': None, 'data': None, 'error': None}
{'timestamp': '2026-06-09T06:36:35.696039+00:00', 'severity': 'INFO', 'endpoint': '/registry/documents', 'query_string': None, 'data': {'title': 'Draft Doc Status', 'status': 'draft', 'classifier_system': 'MKS'}, 'error': None}
{'timestamp': '2026-06-09T06:36:35.698241+00:00', 'severity': 'INFO', 'endpoint': '/registry/documents', 'query_string': None, 'data': {'doc_code': 'DRAFT-DOC-STATUS'}, 'error': 'Document created'}
{'timestamp': '2026-06-09T06:36:35.699860+00:00', 'severity': 'INFO', 'endpoint': '/registry/documents', 'query_string': None, 'data': {'title': 'Draft Doc Status 2', 'status': 'draft', 'classifier_system': 'MKS'}, 'error': None}
{'timestamp': '2026-06-09T06:36:35.701102+00:00', 'severity': 'INFO', 'endpoint': '/registry/documents', 'query_string': None, 'data': {'doc_code': 'DRAFT-DOC-STATUS-2'}, 'error': 'Document created'}
{'timestamp': '2026-06-09T06:36:35.702688+00:00', 'severity': 'INFO', 'endpoint': '/registry/documents', 'query_string': None, 'data': {'title': 'Approved Doc Status', 'status': 'approved', 'classifier_system': 'MKS'}, 'error': None}
{'timestamp': '2026-06-09T06:36:35.703967+00:00', 'severity': 'INFO', 'endpoint': '/registry/documents', 'query_string': None, 'data': {'doc_code': 'APPROVED-DOC-STATUS'}, 'error': 'Document created'}
{'timestamp': '2026-06-09T06:36:35.705440+00:00', 'severity': 'INFO', 'endpoint': '/registry/documents', 'query_string': None, 'data': {'title': 'Processing Doc Status', 'status': 'processing', 'classifier_system': 'MKS'}, 'error': None}
{'timestamp': '2026-06-09T06:36:35.706963+00:00', 'severity': 'INFO', 'endpoint': '/registry/documents', 'query_string': None, 'data': {'doc_code': 'PROCESSING-DOC-STATUS'}, 'error': 'Document created'}
{'timestamp': '2026-06-09T06:36:35.709454+00:00', 'severity': 'INFO', 'endpoint': '/registry/stats', 'query_string': None, 'data': None, 'error': None}
{'timestamp': '2026-06-09T06:36:35.727771+00:00', 'severity': 'INFO', 'endpoint': '/registry/documents', 'query_string': None, 'data': {'title': 'Test Document', 'doc_code': 'DOC-123', 'status': 'draft', 'classifier_system': 'MKS', 'mks_oks_code': '01.01.01'}, 'error': None}
{'timestamp': '2026-06-09T06:36:35.729937+00:00', 'severity': 'INFO', 'endpoint': '/registry/documents', 'query_string': None, 'data': {'doc_code': 'DOC-123'}, 'error': 'Document created'}
{'timestamp': '2026-06-09T06:36:35.745611+00:00', 'severity': 'INFO', 'endpoint': '/registry/classifiers', 'query_string': None, 'data': {'classifier_system': 'MKS', 'code': 'CLS_001', 'full_name': 'Test Classifier'}, 'error': None}
{'timestamp': '2026-06-09T06:36:35.749095+00:00', 'severity': 'INFO', 'endpoint': '/registry/documents', 'query_string': None, 'data': {'title': 'Document with Classifier', 'doc_code': 'DOC-CLS', 'classifier_system': 'MKS', 'mks_oks_code': 'CLS_001'}, 'error': None}
{'timestamp': '2026-06-09T06:36:35.750548+00:00', 'severity': 'INFO', 'endpoint': '/registry/documents', 'query_string': None, 'data': {'doc_code': 'DOC-CLS'}, 'error': 'Document created'}
{'timestamp': '2026-06-09T06:36:35.766978+00:00', 'severity': 'INFO', 'endpoint': '/registry/documents', 'query_string': None, 'data': {'doc_code': 'DOC-VAL'}, 'error': None}
{'timestamp': '2026-06-09T06:36:35.767308+00:00', 'severity': 'WARNING', 'endpoint': '/registry/documents', 'query_string': None, 'data': {'doc_code': 'DOC-VAL'}, 'error': 'Missing required fields'}
{'timestamp': '2026-06-09T06:36:35.782652+00:00', 'severity': 'INFO', 'endpoint': '/registry/documents', 'query_string': None, 'data': {'title': 'Doc 1', 'classifier_system': 'MKS'}, 'error': None}
{'timestamp': '2026-06-09T06:36:35.784449+00:00', 'severity': 'INFO', 'endpoint': '/registry/documents', 'query_string': None, 'data': {'doc_code': 'DOC-1'}, 'error': 'Document created'}
{'timestamp': '2026-06-09T06:36:35.786225+00:00', 'severity': 'INFO', 'endpoint': '/registry/documents', 'query_string': None, 'data': {'title': 'Doc 2', 'classifier_system': 'MKS'}, 'error': None}
{'timestamp': '2026-06-09T06:36:35.787672+00:00', 'severity': 'INFO', 'endpoint': '/registry/documents', 'query_string': None, 'data': {'doc_code': 'DOC-2'}, 'error': 'Document created'}
{'timestamp': '2026-06-09T06:36:35.790022+00:00', 'severity': 'INFO', 'endpoint': '/registry/documents', 'query_string': None, 'data': None, 'error': None}
{'timestamp': '2026-06-09T06:36:35.812943+00:00', 'severity': 'INFO', 'endpoint': '/registry/documents', 'query_string': None, 'data': {'title': 'Draft Doc', 'status': 'draft', 'classifier_system': 'MKS'}, 'error': None}
{'timestamp': '2026-06-09T06:36:35.814922+00:00', 'severity': 'INFO', 'endpoint': '/registry/documents', 'query_string': None, 'data': {'doc_code': 'DRAFT-DOC'}, 'error': 'Document created'}
{'timestamp': '2026-06-09T06:36:35.816801+00:00', 'severity': 'INFO', 'endpoint': '/registry/documents', 'query_string': None, 'data': {'title': 'Active Doc', 'status': 'active', 'classifier_system': 'MKS'}, 'error': None}
{'timestamp': '2026-06-09T06:36:35.818134+00:00', 'severity': 'INFO', 'endpoint': '/registry/documents', 'query_string': None, 'data': {'doc_code': 'ACTIVE-DOC'}, 'error': 'Document created'}
{'timestamp': '2026-06-09T06:36:35.820074+00:00', 'severity': 'INFO', 'endpoint': '/registry/documents', 'query_string': None, 'data': None, 'error': None}
{'timestamp': '2026-06-09T06:36:35.839990+00:00', 'severity': 'INFO', 'endpoint': '/registry/documents', 'query_string': None, 'data': {'title': 'Machine Learning Document', 'classifier_system': 'MKS'}, 'error': None}
{'timestamp': '2026-06-09T06:36:35.842427+00:00', 'severity': 'INFO', 'endpoint': '/registry/documents', 'query_string': None, 'data': {'doc_code': 'MACHINE-LEARNING-DOCUMENT'}, 'error': 'Document created'}
{'timestamp': '2026-06-09T06:36:35.844868+00:00', 'severity': 'INFO', 'endpoint': '/registry/documents', 'query_string': None, 'data': None, 'error': None}
{'timestamp': '2026-06-09T06:36:35.864909+00:00', 'severity': 'INFO', 'endpoint': '/registry/classifiers', 'query_string': None, 'data': {'classifier_system': 'MKS', 'code': 'CLS_FILTER', 'full_name': 'Filter Classifier'}, 'error': None}
{'timestamp': '2026-06-09T06:36:35.868367+00:00', 'severity': 'INFO', 'endpoint': '/registry/documents', 'query_string': None, 'data': {'title': 'Doc 1', 'classifier_system': 'MKS', 'mks_oks_code': 'CLS_FILTER'}, 'error': None}
{'timestamp': '2026-06-09T06:36:35.870027+00:00', 'severity': 'INFO', 'endpoint': '/registry/documents', 'query_string': None, 'data': {'doc_code': 'DOC-1'}, 'error': 'Document created'}
{'timestamp': '2026-06-09T06:36:35.872020+00:00', 'severity': 'INFO', 'endpoint': '/registry/documents', 'query_string': None, 'data': None, 'error': None}
{'timestamp': '2026-06-09T06:36:35.889459+00:00', 'severity': 'INFO', 'endpoint': '/registry/documents', 'query_string': None, 'data': {'title': 'Doc 0', 'classifier_system': 'MKS'}, 'error': None}
{'timestamp': '2026-06-09T06:36:35.891882+00:00', 'severity': 'INFO', 'endpoint': '/registry/documents', 'query_string': None, 'data': {'doc_code': 'DOC-0'}, 'error': 'Document created'}
{'timestamp': '2026-06-09T06:36:35.894437+00:00', 'severity': 'INFO', 'endpoint': '/registry/documents', 'query_string': None, 'data': {'title': 'Doc 1', 'classifier_system': 'MKS'}, 'error': None}
{'timestamp': '2026-06-09T06:36:35.896310+00:00', 'severity': 'INFO', 'endpoint': '/registry/documents', 'query_string': None, 'data': {'doc_code': 'DOC-1'}, 'error': 'Document created'}
{'timestamp': '2026-06-09T06:36:35.897973+00:00', 'severity': 'INFO', 'endpoint': '/registry/documents', 'query_string': None, 'data': {'title': 'Doc 2', 'classifier_system': 'MKS'}, 'error': None}
{'timestamp': '2026-06-09T06:36:35.899371+00:00', 'severity': 'INFO', 'endpoint': '/registry/documents', 'query_string': None, 'data': {'doc_code': 'DOC-2'}, 'error': 'Document created'}
{'timestamp': '2026-06-09T06:36:35.900798+00:00', 'severity': 'INFO', 'endpoint': '/registry/documents', 'query_string': None, 'data': {'title': 'Doc 3', 'classifier_system': 'MKS'}, 'error': None}
{'timestamp': '2026-06-09T06:36:35.901965+00:00', 'severity': 'INFO', 'endpoint': '/registry/documents', 'query_string': None, 'data': {'doc_code': 'DOC-3'}, 'error': 'Document created'}
{'timestamp': '2026-06-09T06:36:35.903451+00:00', 'severity': 'INFO', 'endpoint': '/registry/documents', 'query_string': None, 'data': {'title': 'Doc 4', 'classifier_system': 'MKS'}, 'error': None}
{'timestamp': '2026-06-09T06:36:35.904728+00:00', 'severity': 'INFO', 'endpoint': '/registry/documents', 'query_string': None, 'data': {'doc_code': 'DOC-4'}, 'error': 'Document created'}
{'timestamp': '2026-06-09T06:36:35.906466+00:00', 'severity': 'INFO', 'endpoint': '/registry/documents', 'query_string': None, 'data': {'title': 'Doc 5', 'classifier_system': 'MKS'}, 'error': None}
{'timestamp': '2026-06-09T06:36:35.908383+00:00', 'severity': 'INFO', 'endpoint': '/registry/documents', 'query_string': None, 'data': {'doc_code': 'DOC-5'}, 'error': 'Document created'}
{'timestamp': '2026-06-09T06:36:35.910595+00:00', 'severity': 'INFO', 'endpoint': '/registry/documents', 'query_string': None, 'data': {'title': 'Doc 6', 'classifier_system': 'MKS'}, 'error': None}
{'timestamp': '2026-06-09T06:36:35.912622+00:00', 'severity': 'INFO', 'endpoint': '/registry/documents', 'query_string': None, 'data': {'doc_code': 'DOC-6'}, 'error': 'Document created'}
{'timestamp': '2026-06-09T06:36:35.914391+00:00', 'severity': 'INFO', 'endpoint': '/registry/documents', 'query_string': None, 'data': {'title': 'Doc 7', 'classifier_system': 'MKS'}, 'error': None}
{'timestamp': '2026-06-09T06:36:35.915688+00:00', 'severity': 'INFO', 'endpoint': '/registry/documents', 'query_string': None, 'data': {'doc_code': 'DOC-7'}, 'error': 'Document created'}
{'timestamp': '2026-06-09T06:36:35.917236+00:00', 'severity': 'INFO', 'endpoint': '/registry/documents', 'query_string': None, 'data': {'title': 'Doc 8', 'classifier_system': 'MKS'}, 'error': None}
{'timestamp': '2026-06-09T06:36:35.918423+00:00', 'severity': 'INFO', 'endpoint': '/registry/documents', 'query_string': None, 'data': {'doc_code': 'DOC-8'}, 'error': 'Document created'}
{'timestamp': '2026-06-09T06:36:35.919951+00:00', 'severity': 'INFO', 'endpoint': '/registry/documents', 'query_string': None, 'data': {'title': 'Doc 9', 'classifier_system': 'MKS'}, 'error': None}
{'timestamp': '2026-06-09T06:36:35.921259+00:00', 'severity': 'INFO', 'endpoint': '/registry/documents', 'query_string': None, 'data': {'doc_code': 'DOC-9'}, 'error': 'Document created'}
{'timestamp': '2026-06-09T06:36:35.923049+00:00', 'severity': 'INFO', 'endpoint': '/registry/documents', 'query_string': None, 'data': {'title': 'Doc 10', 'classifier_system': 'MKS'}, 'error': None}
{'timestamp': '2026-06-09T06:36:35.924600+00:00', 'severity': 'INFO', 'endpoint': '/registry/documents', 'query_string': None, 'data': {'doc_code': 'DOC-10'}, 'error': 'Document created'}
{'timestamp': '2026-06-09T06:36:35.927012+00:00', 'severity': 'INFO', 'endpoint': '/registry/documents', 'query_string': None, 'data': {'title': 'Doc 11', 'classifier_system': 'MKS'}, 'error': None}
{'timestamp': '2026-06-09T06:36:35.929032+00:00', 'severity': 'INFO', 'endpoint': '/registry/documents', 'query_string': None, 'data': {'doc_code': 'DOC-11'}, 'error': 'Document created'}
{'timestamp': '2026-06-09T06:36:35.930716+00:00', 'severity': 'INFO', 'endpoint': '/registry/documents', 'query_string': None, 'data': {'title': 'Doc 12', 'classifier_system': 'MKS'}, 'error': None}
{'timestamp': '2026-06-09T06:36:35.931860+00:00', 'severity': 'INFO', 'endpoint': '/registry/documents', 'query_string': None, 'data': {'doc_code': 'DOC-12'}, 'error': 'Document created'}
{'timestamp': '2026-06-09T06:36:35.933290+00:00', 'severity': 'INFO', 'endpoint': '/registry/documents', 'query_string': None, 'data': {'title': 'Doc 13', 'classifier_system': 'MKS'}, 'error': None}
{'timestamp': '2026-06-09T06:36:35.934409+00:00', 'severity': 'INFO', 'endpoint': '/registry/documents', 'query_string': None, 'data': {'doc_code': 'DOC-13'}, 'error': 'Document created'}
{'timestamp': '2026-06-09T06:36:35.935874+00:00', 'severity': 'INFO', 'endpoint': '/registry/documents', 'query_string': None, 'data': {'title': 'Doc 14', 'classifier_system': 'MKS'}, 'error': None}
{'timestamp': '2026-06-09T06:36:35.937159+00:00', 'severity': 'INFO', 'endpoint': '/registry/documents', 'query_string': None, 'data': {'doc_code': 'DOC-14'}, 'error': 'Document created'}
{'timestamp': '2026-06-09T06:36:35.939485+00:00', 'severity': 'INFO', 'endpoint': '/registry/documents', 'query_string': None, 'data': None, 'error': None}
{'timestamp': '2026-06-09T06:36:35.958520+00:00', 'severity': 'INFO', 'endpoint': '/registry/documents', 'query_string': None, 'data': {'title': 'Doc 2', 'classifier_system': 'MKS'}, 'error': None}
{'timestamp': '2026-06-09T06:36:35.961919+00:00', 'severity': 'INFO', 'endpoint': '/registry/documents', 'query_string': None, 'data': {'doc_code': 'DOC-2'}, 'error': 'Document created'}
{'timestamp': '2026-06-09T06:36:35.964740+00:00', 'severity': 'INFO', 'endpoint': '/registry/documents/1', 'query_string': None, 'data': None, 'error': None}
{'timestamp': '2026-06-09T06:36:35.982711+00:00', 'severity': 'INFO', 'endpoint': '/registry/documents/00000000-0000-0000-0000-000000000000', 'query_string': None, 'data': None, 'error': None}
{'timestamp': '2026-06-09T06:36:35.983056+00:00', 'severity': 'WARNING', 'endpoint': '/registry/documents/00000000-0000-0000-0000-000000000000', 'query_string': None, 'data': None, 'error': 'Document not found'}
{'timestamp': '2026-06-09T06:36:35.999186+00:00', 'severity': 'INFO', 'endpoint': '/registry/documents', 'query_string': None, 'data': {'title': 'Doc 3', 'classifier_system': 'MKS'}, 'error': None}
{'timestamp': '2026-06-09T06:36:36.001850+00:00', 'severity': 'INFO', 'endpoint': '/registry/documents', 'query_string': None, 'data': {'doc_code': 'DOC-3'}, 'error': 'Document created'}
{'timestamp': '2026-06-09T06:36:36.004413+00:00', 'severity': 'INFO', 'endpoint': '/registry/documents/1', 'query_string': None, 'data': {'title': 'Updated Doc 3'}, 'error': None}
{'timestamp': '2026-06-09T06:36:36.006539+00:00', 'severity': 'INFO', 'endpoint': '/registry/documents/1', 'query_string': None, 'data': {'title': 'Updated Doc 3'}, 'error': 'Document updated'}
{'timestamp': '2026-06-09T06:36:36.024784+00:00', 'severity': 'INFO', 'endpoint': '/registry/documents/00000000-0000-0000-0000-000000000000', 'query_string': None, 'data': {'title': 'Updated'}, 'error': None}
{'timestamp': '2026-06-09T06:36:36.025195+00:00', 'severity': 'WARNING', 'endpoint': '/registry/documents/00000000-0000-0000-0000-000000000000', 'query_string': None, 'data': None, 'error': 'Document not found'}
{'timestamp': '2026-06-09T06:36:36.041716+00:00', 'severity': 'INFO', 'endpoint': '/registry/documents', 'query_string': None, 'data': {'title': 'Doc 4', 'classifier_system': 'MKS'}, 'error': None}
{'timestamp': '2026-06-09T06:36:36.045378+00:00', 'severity': 'INFO', 'endpoint': '/registry/documents', 'query_string': None, 'data': {'doc_code': 'DOC-4'}, 'error': 'Document created'}
{'timestamp': '2026-06-09T06:36:36.048678+00:00', 'severity': 'INFO', 'endpoint': '/registry/documents/1', 'query_string': None, 'data': None, 'error': None}
{'timestamp': '2026-06-09T06:36:36.091376+00:00', 'severity': 'INFO', 'endpoint': '/registry/documents/1', 'query_string': None, 'data': None, 'error': 'Document deleted'}
{'timestamp': '2026-06-09T06:36:36.094131+00:00', 'severity': 'INFO', 'endpoint': '/registry/documents/1', 'query_string': None, 'data': None, 'error': None}
{'timestamp': '2026-06-09T06:36:36.095252+00:00', 'severity': 'WARNING', 'endpoint': '/registry/documents/1', 'query_string': None, 'data': None, 'error': 'Document not found'}
{'timestamp': '2026-06-09T06:36:36.110811+00:00', 'severity': 'INFO', 'endpoint': '/registry/documents/00000000-0000-0000-0000-000000000000', 'query_string': None, 'data': None, 'error': None}
{'timestamp': '2026-06-09T06:36:36.111218+00:00', 'severity': 'WARNING', 'endpoint': '/registry/documents/00000000-0000-0000-0000-000000000000', 'query_string': None, 'data': None, 'error': 'Document not found'}
{'timestamp': '2026-06-09T06:36:36.130053+00:00', 'severity': 'INFO', 'endpoint': '/registry/documents', 'query_string': None, 'data': {'title': 'Doc Patch Status', 'classifier_system': 'MKS', 'status': 'draft'}, 'error': None}
{'timestamp': '2026-06-09T06:36:36.132631+00:00', 'severity': 'INFO', 'endpoint': '/registry/documents', 'query_string': None, 'data': {'doc_code': 'DOC-PATCH-STATUS'}, 'error': 'Document created'}
{'timestamp': '2026-06-09T06:36:36.135691+00:00', 'severity': 'INFO', 'endpoint': '/registry/documents/1/status', 'query_string': None, 'data': {'status': 'uploaded', 'comment': 'moving to uploaded', 'changed_by': 'test_user'}, 'error': None}
{'timestamp': '2026-06-09T06:36:36.140465+00:00', 'severity': 'INFO', 'endpoint': '/registry/documents/1/status', 'query_string': None, 'data': {'status': 'uploaded', 'comment': 'moving to uploaded', 'changed_by': 'test_user'}, 'error': 'Document status updated'}
{'timestamp': '2026-06-09T06:36:36.143727+00:00', 'severity': 'INFO', 'endpoint': '/registry/documents/1/status', 'query_string': None, 'data': {'status': 'approved'}, 'error': None}
{'timestamp': '2026-06-09T06:36:36.147198+00:00', 'severity': 'INFO', 'endpoint': '/registry/documents/1/status', 'query_string': None, 'data': {'status': 'unknown_status'}, 'error': None}
{'timestamp': '2026-06-09T06:36:36.168971+00:00', 'severity': 'INFO', 'endpoint': '/registry/documents/00000000-0000-0000-0000-000000000000/status', 'query_string': None, 'data': {'status': 'approved'}, 'error': None}
{'timestamp': '2026-06-09T06:36:36.186444+00:00', 'severity': 'INFO', 'endpoint': '/registry/documents', 'query_string': None, 'data': {'title': 'Export Doc 1', 'classifier_system': 'MKS'}, 'error': None}
{'timestamp': '2026-06-09T06:36:36.189261+00:00', 'severity': 'INFO', 'endpoint': '/registry/documents', 'query_string': None, 'data': {'doc_code': 'EXPORT-DOC-1'}, 'error': 'Document created'}
{'timestamp': '2026-06-09T06:36:36.192581+00:00', 'severity': 'INFO', 'endpoint': '/registry/documents/export', 'query_string': None, 'data': None, 'error': None}
{'timestamp': '2026-06-09T06:36:36.211525+00:00', 'severity': 'INFO', 'endpoint': '/registry/documents/import', 'query_string': None, 'data': None, 'error': None}
{'timestamp': '2026-06-09T06:36:36.226646+00:00', 'severity': 'INFO', 'endpoint': '/registry/documents', 'query_string': None, 'data': {'title': 'History Doc', 'classifier_system': 'MKS'}, 'error': None}
{'timestamp': '2026-06-09T06:36:36.228973+00:00', 'severity': 'INFO', 'endpoint': '/registry/documents', 'query_string': None, 'data': {'doc_code': 'HISTORY-DOC'}, 'error': 'Document created'}
{'timestamp': '2026-06-09T06:36:36.231146+00:00', 'severity': 'INFO', 'endpoint': '/registry/documents/1/history', 'query_string': None, 'data': None, 'error': None}
{'timestamp': '2026-06-09T06:36:36.248376+00:00', 'severity': 'INFO', 'endpoint': '/registry/documents', 'query_string': None, 'data': {'title': 'Succession Doc', 'classifier_system': 'MKS'}, 'error': None}
{'timestamp': '2026-06-09T06:36:36.250408+00:00', 'severity': 'INFO', 'endpoint': '/registry/documents', 'query_string': None, 'data': {'doc_code': 'SUCCESSION-DOC'}, 'error': 'Document created'}
{'timestamp': '2026-06-09T06:36:36.252790+00:00', 'severity': 'INFO', 'endpoint': '/registry/documents/1/succession', 'query_string': None, 'data': None, 'error': None}
{'timestamp': '2026-06-09T06:36:36.271204+00:00', 'severity': 'INFO', 'endpoint': '/registry/documents', 'query_string': None, 'data': {'document': {'metadata': {'title': 'Pipeline Test Doc', 'doc_code': 'PL-001', 'source_type': 'GOST', 'mks_oks_code': '01.01.01', 'era': 'RF', 'status': 'uploaded'}, 'source': {'file_hash_sha256': 'abcdef1234567890abcdef1234567890abcdef1234567890abcdef1234567890'}, 'content': [{'clause': '1', 'title': 'Introduction', 'level': 1, 'type': 'text', 'content': 'This is a pipeline section'}], 'terminology': [{'term': 'PipelineTerm', 'normalized_term': 'pipelineterm', 'definition': 'A term created via pipeline'}], 'references': [{'target_doc_code': 'REF-001', 'type': 'replaces', 'context': 'replaces some older doc', 'current_status': 'active'}]}}, 'error': None}
{'timestamp': '2026-06-09T06:36:36.282607+00:00', 'severity': 'INFO', 'endpoint': '/registry/documents', 'query_string': None, 'data': {'document': {'metadata': {'title': 'Pipeline Test Doc', 'doc_code': 'PL-001', 'source_type': 'GOST', 'mks_oks_code': '01.01.01', 'era': 'RF', 'status': 'uploaded'}, 'source': {'file_hash_sha256': 'abcdef1234567890abcdef1234567890abcdef1234567890abcdef1234567890'}, 'content': [{'clause': '1', 'title': 'Introduction', 'level': 1, 'type': 'text', 'content': 'This is a pipeline section'}], 'terminology': [{'term': 'PipelineTerm', 'normalized_term': 'pipelineterm', 'definition': 'A term created via pipeline'}], 'references': [{'target_doc_code': 'REF-001', 'type': 'replaces', 'context': 'replaces some older doc', 'current_status': 'active'}]}}, 'error': None}
{'timestamp': '2026-06-09T06:36:36.301113+00:00', 'severity': 'INFO', 'endpoint': '/registry/documents', 'query_string': None, 'data': {'title': 'Filtered Doc Alpha', 'doc_code': 'FDA-01', 'classifier_system': 'MKS', 'era': 'USSR', 'source_type': 'GOST_R', 'validity_status': 'superseded', 'jurisdiction': 'RU'}, 'error': None}
{'timestamp': '2026-06-09T06:36:36.303140+00:00', 'severity': 'INFO', 'endpoint': '/registry/documents', 'query_string': None, 'data': {'doc_code': 'FDA-01'}, 'error': 'Document created'}
{'timestamp': '2026-06-09T06:36:36.305500+00:00', 'severity': 'INFO', 'endpoint': '/registry/documents', 'query_string': None, 'data': None, 'error': None}
{'timestamp': '2026-06-09T06:36:36.353608+00:00', 'severity': 'INFO', 'endpoint': '/registry/documents', 'query_string': None, 'data': {'title': 'Unique Doc', 'doc_code': 'UNQ-1', 'era': 'RF', 'status': 'approved'}, 'error': None}
{'timestamp': '2026-06-09T06:36:36.355771+00:00', 'severity': 'INFO', 'endpoint': '/registry/documents', 'query_string': None, 'data': {'doc_code': 'UNQ-1'}, 'error': 'Document created'}
{'timestamp': '2026-06-09T06:36:36.358306+00:00', 'severity': 'INFO', 'endpoint': '/registry/documents/check-uniqueness', 'query_string': None, 'data': {'title': 'Unique Doc', 'doc_code': 'UNQ-1', 'era': 'RF'}, 'error': None}
{'timestamp': '2026-06-09T06:36:36.376755+00:00', 'severity': 'INFO', 'endpoint': '/registry/documents', 'query_string': None, 'data': {'title': 'Sections Doc'}, 'error': None}
{'timestamp': '2026-06-09T06:36:36.378880+00:00', 'severity': 'INFO', 'endpoint': '/registry/documents', 'query_string': None, 'data': {'doc_code': 'SECTIONS-DOC'}, 'error': 'Document created'}
{'timestamp': '2026-06-09T06:36:36.380887+00:00', 'severity': 'INFO', 'endpoint': '/registry/documents/1/sections', 'query_string': None, 'data': None, 'error': None}
{'timestamp': '2026-06-09T06:36:36.400120+00:00', 'severity': 'INFO', 'endpoint': '/registry/documents', 'query_string': None, 'data': {'title': 'History Doc'}, 'error': None}
{'timestamp': '2026-06-09T06:36:36.402096+00:00', 'severity': 'INFO', 'endpoint': '/registry/documents', 'query_string': None, 'data': {'doc_code': 'HISTORY-DOC'}, 'error': 'Document created'}
{'timestamp': '2026-06-09T06:36:36.404340+00:00', 'severity': 'INFO', 'endpoint': '/registry/documents/1/history', 'query_string': None, 'data': None, 'error': None}
{'timestamp': '2026-06-09T06:36:36.421205+00:00', 'severity': 'INFO', 'endpoint': '/registry/documents', 'query_string': None, 'data': {'title': 'Pred', 'doc_code': 'P-1', 'era': 'USSR'}, 'error': None}
{'timestamp': '2026-06-09T06:36:36.423522+00:00', 'severity': 'INFO', 'endpoint': '/registry/documents', 'query_string': None, 'data': {'doc_code': 'P-1'}, 'error': 'Document created'}
{'timestamp': '2026-06-09T06:36:36.425823+00:00', 'severity': 'INFO', 'endpoint': '/registry/documents', 'query_string': None, 'data': {'title': 'Main', 'doc_code': 'M-1', 'era': 'USSR', 'predecessor_doc_id': 1}, 'error': None}
{'timestamp': '2026-06-09T06:36:36.428317+00:00', 'severity': 'INFO', 'endpoint': '/registry/documents', 'query_string': None, 'data': {'doc_code': 'M-1'}, 'error': 'Document created'}
{'timestamp': '2026-06-09T06:36:36.430341+00:00', 'severity': 'INFO', 'endpoint': '/registry/documents', 'query_string': None, 'data': {'title': 'Succ', 'doc_code': 'S-1', 'era': 'RF'}, 'error': None}
{'timestamp': '2026-06-09T06:36:36.431696+00:00', 'severity': 'INFO', 'endpoint': '/registry/documents', 'query_string': None, 'data': {'doc_code': 'S-1'}, 'error': 'Document created'}
{'timestamp': '2026-06-09T06:36:36.433688+00:00', 'severity': 'INFO', 'endpoint': '/registry/documents/2', 'query_string': None, 'data': {'successor_doc_id': 3}, 'error': None}
{'timestamp': '2026-06-09T06:36:36.435096+00:00', 'severity': 'INFO', 'endpoint': '/registry/documents/2', 'query_string': None, 'data': {'successor_doc_id': 3}, 'error': 'Document patched'}
{'timestamp': '2026-06-09T06:36:36.436679+00:00', 'severity': 'INFO', 'endpoint': '/registry/documents/2/succession', 'query_string': None, 'data': None, 'error': None}
{'timestamp': '2026-06-09T06:36:36.454125+00:00', 'severity': 'INFO', 'endpoint': '/registry/classifiers', 'query_string': None, 'data': {'classifier_system': 'MKS', 'code': '47.020', 'full_name': 'Hull'}, 'error': None}
{'timestamp': '2026-06-09T06:36:36.458027+00:00', 'severity': 'INFO', 'endpoint': '/registry/classifiers/validate', 'query_string': None, 'data': {'classification': {'mks_oks_code': '47.020', 'okstu_code': None, 'udk_code': None}}, 'error': None}
{'timestamp': '2026-06-09T06:36:36.474883+00:00', 'severity': 'INFO', 'endpoint': '/registry/documents', 'query_string': None, 'data': {'title': 'Pending Doc'}, 'error': None}
{'timestamp': '2026-06-09T06:36:36.477323+00:00', 'severity': 'INFO', 'endpoint': '/registry/documents', 'query_string': None, 'data': {'doc_code': 'PENDING-DOC'}, 'error': 'Document created'}
{'timestamp': '2026-06-09T06:36:36.480161+00:00', 'severity': 'INFO', 'endpoint': '/registry/classifiers/pending', 'query_string': None, 'data': None, 'error': None}
{'timestamp': '2026-06-09T06:36:36.485918+00:00', 'severity': 'INFO', 'endpoint': '/registry/classifiers/pending/1/accept', 'query_string': None, 'data': {'parent_code': '47.020', 'full_name': 'Other hull parts', 'admin_comment': 'ok'}, 'error': None}
{'timestamp': '2026-06-09T06:36:36.493467+00:00', 'severity': 'INFO', 'endpoint': '/registry/classifiers/pending/2/reject', 'query_string': None, 'data': {'admin_comment': 'invalid code'}, 'error': None}
{'timestamp': '2026-06-09T06:36:36.511513+00:00', 'severity': 'INFO', 'endpoint': '/registry/terminology', 'query_string': None, 'data': {'raw_term': 'Machine Learning', 'standard_term': 'Machine Learning', 'normalized_value': 'machine learning', 'term_type': 'term'}, 'error': None}
{'timestamp': '2026-06-09T06:36:36.529773+00:00', 'severity': 'INFO', 'endpoint': '/registry/terminology', 'query_string': None, 'data': {'raw_term': 'Duplicate Term', 'standard_term': 'Duplicate Term', 'normalized_value': 'duplicate term', 'term_type': 'term'}, 'error': None}
{'timestamp': '2026-06-09T06:36:36.533337+00:00', 'severity': 'INFO', 'endpoint': '/registry/terminology', 'query_string': None, 'data': {'raw_term': 'Duplicate Term', 'standard_term': 'Duplicate Term', 'normalized_value': 'duplicate term', 'term_type': 'term'}, 'error': None}
{'timestamp': '2026-06-09T06:36:36.553831+00:00', 'severity': 'INFO', 'endpoint': '/registry/terminology', 'query_string': None, 'data': {'standard_term': 'Test Term', 'normalized_value': 'test term', 'term_type': 'term'}, 'error': None}
{'timestamp': '2026-06-09T06:36:36.571358+00:00', 'severity': 'INFO', 'endpoint': '/registry/terminology', 'query_string': None, 'data': {'raw_term': 'Test Term', 'standard_term': 'Test Term', 'normalized_value': 'test term', 'term_type': 'term'}, 'error': None}
{'timestamp': '2026-06-09T06:36:36.575324+00:00', 'severity': 'INFO', 'endpoint': '/registry/terminology', 'query_string': None, 'data': {'raw_term': 'Another Term', 'standard_term': 'Another Term', 'normalized_value': 'another term', 'term_type': 'term'}, 'error': None}
{'timestamp': '2026-06-09T06:36:36.579307+00:00', 'severity': 'INFO', 'endpoint': '/registry/terminology', 'query_string': None, 'data': None, 'error': None}
{'timestamp': '2026-06-09T06:36:36.594730+00:00', 'severity': 'INFO', 'endpoint': '/registry/terminology', 'query_string': None, 'data': {'raw_term': 'IT Term 1', 'standard_term': 'IT Term 1', 'normalized_value': 'it term 1', 'term_type': 'acronym'}, 'error': None}
{'timestamp': '2026-06-09T06:36:36.598145+00:00', 'severity': 'INFO', 'endpoint': '/registry/terminology', 'query_string': None, 'data': {'raw_term': 'Building Term', 'standard_term': 'Building Term', 'normalized_value': 'building term', 'term_type': 'term'}, 'error': None}
{'timestamp': '2026-06-09T06:36:36.600664+00:00', 'severity': 'INFO', 'endpoint': '/registry/terminology', 'query_string': None, 'data': {'raw_term': 'IT Term 2', 'standard_term': 'IT Term 2', 'normalized_value': 'it term 2', 'term_type': 'acronym'}, 'error': None}
{'timestamp': '2026-06-09T06:36:36.603340+00:00', 'severity': 'INFO', 'endpoint': '/registry/terminology', 'query_string': None, 'data': None, 'error': None}
{'timestamp': '2026-06-09T06:36:36.621837+00:00', 'severity': 'INFO', 'endpoint': '/registry/terminology', 'query_string': None, 'data': {'raw_term': 'Machine Learning', 'standard_term': 'Machine Learning', 'normalized_value': 'machine learning', 'term_type': 'term'}, 'error': None}
{'timestamp': '2026-06-09T06:36:36.625299+00:00', 'severity': 'INFO', 'endpoint': '/registry/terminology', 'query_string': None, 'data': {'raw_term': 'Deep Learning', 'standard_term': 'Deep Learning', 'normalized_value': 'deep learning', 'term_type': 'term'}, 'error': None}
{'timestamp': '2026-06-09T06:36:36.628267+00:00', 'severity': 'INFO', 'endpoint': '/registry/terminology', 'query_string': None, 'data': {'raw_term': 'Other Concept', 'standard_term': 'Other Concept', 'normalized_value': 'other concept', 'term_type': 'term'}, 'error': None}
{'timestamp': '2026-06-09T06:36:36.631610+00:00', 'severity': 'INFO', 'endpoint': '/registry/terminology', 'query_string': None, 'data': None, 'error': None}
{'timestamp': '2026-06-09T06:36:36.649989+00:00', 'severity': 'INFO', 'endpoint': '/registry/terminology', 'query_string': None, 'data': {'raw_term': 'ML', 'standard_term': 'Machine Learning Acronym', 'normalized_value': 'ml', 'term_type': 'acronym'}, 'error': None}
{'timestamp': '2026-06-09T06:36:36.653442+00:00', 'severity': 'INFO', 'endpoint': '/registry/terminology', 'query_string': None, 'data': {'raw_term': 'AI', 'standard_term': 'Artificial Intelligence', 'normalized_value': 'ai', 'term_type': 'acronym'}, 'error': None}
{'timestamp': '2026-06-09T06:36:36.656497+00:00', 'severity': 'INFO', 'endpoint': '/registry/terminology', 'query_string': None, 'data': None, 'error': None}
{'timestamp': '2026-06-09T06:36:36.675538+00:00', 'severity': 'INFO', 'endpoint': '/registry/terminology', 'query_string': None, 'data': {'raw_term': 'ГОСТ', 'standard_term': 'ГОСТ', 'normalized_value': 'гост', 'term_type': 'standard_code', 'scope': ['Стандартизация', 'Судостроение'], 'synonyms': ['GOST']}, 'error': None}
{'timestamp': '2026-06-09T06:36:36.679247+00:00', 'severity': 'INFO', 'endpoint': '/registry/terminology', 'query_string': None, 'data': None, 'error': None}
{'timestamp': '2026-06-09T06:36:36.696849+00:00', 'severity': 'INFO', 'endpoint': '/registry/terminology', 'query_string': None, 'data': {'raw_term': 'Active Term', 'standard_term': 'Active Term', 'normalized_value': 'active term', 'term_type': 'term', 'is_blocked': False}, 'error': None}
{'timestamp': '2026-06-09T06:36:36.699768+00:00', 'severity': 'INFO', 'endpoint': '/registry/terminology', 'query_string': None, 'data': {'raw_term': 'Blocked Term', 'standard_term': 'Blocked Term', 'normalized_value': 'blocked term', 'term_type': 'term', 'is_blocked': True}, 'error': None}
{'timestamp': '2026-06-09T06:36:36.702207+00:00', 'severity': 'INFO', 'endpoint': '/registry/terminology', 'query_string': None, 'data': None, 'error': None}
{'timestamp': '2026-06-09T06:36:36.719069+00:00', 'severity': 'INFO', 'endpoint': '/registry/terminology', 'query_string': None, 'data': {'raw_term': 'Term 0', 'standard_term': 'Term 0', 'normalized_value': 'term 0', 'term_type': 'term'}, 'error': None}
{'timestamp': '2026-06-09T06:36:36.722337+00:00', 'severity': 'INFO', 'endpoint': '/registry/terminology', 'query_string': None, 'data': {'raw_term': 'Term 1', 'standard_term': 'Term 1', 'normalized_value': 'term 1', 'term_type': 'term'}, 'error': None}
{'timestamp': '2026-06-09T06:36:36.724834+00:00', 'severity': 'INFO', 'endpoint': '/registry/terminology', 'query_string': None, 'data': {'raw_term': 'Term 2', 'standard_term': 'Term 2', 'normalized_value': 'term 2', 'term_type': 'term'}, 'error': None}
{'timestamp': '2026-06-09T06:36:36.727484+00:00', 'severity': 'INFO', 'endpoint': '/registry/terminology', 'query_string': None, 'data': {'raw_term': 'Term 3', 'standard_term': 'Term 3', 'normalized_value': 'term 3', 'term_type': 'term'}, 'error': None}
{'timestamp': '2026-06-09T06:36:36.729860+00:00', 'severity': 'INFO', 'endpoint': '/registry/terminology', 'query_string': None, 'data': {'raw_term': 'Term 4', 'standard_term': 'Term 4', 'normalized_value': 'term 4', 'term_type': 'term'}, 'error': None}
{'timestamp': '2026-06-09T06:36:36.732112+00:00', 'severity': 'INFO', 'endpoint': '/registry/terminology', 'query_string': None, 'data': {'raw_term': 'Term 5', 'standard_term': 'Term 5', 'normalized_value': 'term 5', 'term_type': 'term'}, 'error': None}
{'timestamp': '2026-06-09T06:36:36.734285+00:00', 'severity': 'INFO', 'endpoint': '/registry/terminology', 'query_string': None, 'data': {'raw_term': 'Term 6', 'standard_term': 'Term 6', 'normalized_value': 'term 6', 'term_type': 'term'}, 'error': None}
{'timestamp': '2026-06-09T06:36:36.736688+00:00', 'severity': 'INFO', 'endpoint': '/registry/terminology', 'query_string': None, 'data': {'raw_term': 'Term 7', 'standard_term': 'Term 7', 'normalized_value': 'term 7', 'term_type': 'term'}, 'error': None}
{'timestamp': '2026-06-09T06:36:36.738989+00:00', 'severity': 'INFO', 'endpoint': '/registry/terminology', 'query_string': None, 'data': {'raw_term': 'Term 8', 'standard_term': 'Term 8', 'normalized_value': 'term 8', 'term_type': 'term'}, 'error': None}
{'timestamp': '2026-06-09T06:36:36.741302+00:00', 'severity': 'INFO', 'endpoint': '/registry/terminology', 'query_string': None, 'data': {'raw_term': 'Term 9', 'standard_term': 'Term 9', 'normalized_value': 'term 9', 'term_type': 'term'}, 'error': None}
{'timestamp': '2026-06-09T06:36:36.743883+00:00', 'severity': 'INFO', 'endpoint': '/registry/terminology', 'query_string': None, 'data': {'raw_term': 'Term 10', 'standard_term': 'Term 10', 'normalized_value': 'term 10', 'term_type': 'term'}, 'error': None}
{'timestamp': '2026-06-09T06:36:36.746646+00:00', 'severity': 'INFO', 'endpoint': '/registry/terminology', 'query_string': None, 'data': {'raw_term': 'Term 11', 'standard_term': 'Term 11', 'normalized_value': 'term 11', 'term_type': 'term'}, 'error': None}
{'timestamp': '2026-06-09T06:36:36.749032+00:00', 'severity': 'INFO', 'endpoint': '/registry/terminology', 'query_string': None, 'data': {'raw_term': 'Term 12', 'standard_term': 'Term 12', 'normalized_value': 'term 12', 'term_type': 'term'}, 'error': None}
{'timestamp': '2026-06-09T06:36:36.751525+00:00', 'severity': 'INFO', 'endpoint': '/registry/terminology', 'query_string': None, 'data': {'raw_term': 'Term 13', 'standard_term': 'Term 13', 'normalized_value': 'term 13', 'term_type': 'term'}, 'error': None}
{'timestamp': '2026-06-09T06:36:36.753844+00:00', 'severity': 'INFO', 'endpoint': '/registry/terminology', 'query_string': None, 'data': {'raw_term': 'Term 14', 'standard_term': 'Term 14', 'normalized_value': 'term 14', 'term_type': 'term'}, 'error': None}
{'timestamp': '2026-06-09T06:36:36.756231+00:00', 'severity': 'INFO', 'endpoint': '/registry/terminology', 'query_string': None, 'data': None, 'error': None}
{'timestamp': '2026-06-09T06:36:36.772546+00:00', 'severity': 'INFO', 'endpoint': '/registry/terminology', 'query_string': None, 'data': {'raw_term': 'Specific Term', 'standard_term': 'Specific Term', 'normalized_value': 'specific term', 'term_type': 'term'}, 'error': None}
{'timestamp': '2026-06-09T06:36:36.777342+00:00', 'severity': 'INFO', 'endpoint': '/registry/terminology/1', 'query_string': None, 'data': None, 'error': None}
{'timestamp': '2026-06-09T06:36:36.792990+00:00', 'severity': 'INFO', 'endpoint': '/registry/terminology/00000000-0000-0000-0000-000000000000', 'query_string': None, 'data': None, 'error': None}
{'timestamp': '2026-06-09T06:36:36.807575+00:00', 'severity': 'INFO', 'endpoint': '/registry/terminology', 'query_string': None, 'data': {'raw_term': 'Original Term', 'standard_term': 'Original Term', 'normalized_value': 'original term', 'term_type': 'term'}, 'error': None}
{'timestamp': '2026-06-09T06:36:36.811673+00:00', 'severity': 'INFO', 'endpoint': '/registry/terminology/1', 'query_string': None, 'data': {'standard_term': 'Updated Term'}, 'error': None}
{'timestamp': '2026-06-09T06:36:36.827462+00:00', 'severity': 'INFO', 'endpoint': '/registry/terminology/00000000-0000-0000-0000-000000000000', 'query_string': None, 'data': {'standard_term': 'Updated Term'}, 'error': None}
{'timestamp': '2026-06-09T06:36:36.841432+00:00', 'severity': 'INFO', 'endpoint': '/registry/terminology', 'query_string': None, 'data': {'raw_term': 'To Delete', 'standard_term': 'To Delete', 'normalized_value': 'to delete', 'term_type': 'term'}, 'error': None}
{'timestamp': '2026-06-09T06:36:36.845462+00:00', 'severity': 'INFO', 'endpoint': '/registry/terminology/1', 'query_string': None, 'data': None, 'error': None}
{'timestamp': '2026-06-09T06:36:36.847838+00:00', 'severity': 'INFO', 'endpoint': '/registry/terminology/1', 'query_string': None, 'data': None, 'error': None}
{'timestamp': '2026-06-09T06:36:36.862426+00:00', 'severity': 'INFO', 'endpoint': '/registry/terminology/00000000-0000-0000-0000-000000000000', 'query_string': None, 'data': None, 'error': None}
{'timestamp': '2026-06-09T06:36:36.877920+00:00', 'severity': 'INFO', 'endpoint': '/registry/terminology', 'query_string': None, 'data': {'raw_term': 'CPU', 'standard_term': 'CPU', 'normalized_value': 'cpu', 'term_type': 'acronym'}, 'error': None}
{'timestamp': '2026-06-09T06:36:36.881471+00:00', 'severity': 'INFO', 'endpoint': '/registry/terminology/normalize', 'query_string': None, 'data': None, 'error': None}
{'timestamp': '2026-06-09T06:36:36.896835+00:00', 'severity': 'INFO', 'endpoint': '/registry/terminology/normalize', 'query_string': None, 'data': None, 'error': None}
{'timestamp': '2026-06-09T06:36:36.912047+00:00', 'severity': 'INFO', 'endpoint': '/registry/terminology', 'query_string': None, 'data': {'raw_term': 'Patch Term', 'standard_term': 'Patch Term', 'normalized_value': 'patch term', 'term_type': 'term'}, 'error': None}
{'timestamp': '2026-06-09T06:36:36.915713+00:00', 'severity': 'INFO', 'endpoint': '/registry/terminology/1', 'query_string': None, 'data': {'definition': 'This is a patch test'}, 'error': None}
{'timestamp': '2026-06-09T06:36:36.931518+00:00', 'severity': 'INFO', 'endpoint': '/registry/terminology/import', 'query_string': None, 'data': None, 'error': None}
{'timestamp': '2026-06-09T07:06:27.411474+00:00', 'severity': 'INFO', 'endpoint': '/registry/classifiers', 'query_string': None, 'data': {'classifier_system': 'MKS', 'code': 'TEST_01', 'full_name': 'Test Classifier'}, 'error': None}
{'timestamp': '2026-06-09T07:06:27.433055+00:00', 'severity': 'INFO', 'endpoint': '/registry/classifiers', 'query_string': None, 'data': {'classifier_system': 'MKS', 'code': 'TEST_DUP', 'full_name': 'Test Classifier'}, 'error': None}
{'timestamp': '2026-06-09T07:06:27.436342+00:00', 'severity': 'INFO', 'endpoint': '/registry/classifiers', 'query_string': None, 'data': {'classifier_system': 'MKS', 'code': 'TEST_DUP', 'full_name': 'Test Classifier'}, 'error': None}
{'timestamp': '2026-06-09T07:06:27.451535+00:00', 'severity': 'INFO', 'endpoint': '/registry/classifiers', 'query_string': None, 'data': {'classifier_system': 'MKS', 'code': 'TEST_VAL'}, 'error': None}
{'timestamp': '2026-06-09T07:06:27.465776+00:00', 'severity': 'INFO', 'endpoint': '/registry/classifiers', 'query_string': None, 'data': {'classifier_system': 'MKS', 'code': 'TEST_02', 'full_name': 'Test 2'}, 'error': None}
{'timestamp': '2026-06-09T07:06:27.468663+00:00', 'severity': 'INFO', 'endpoint': '/registry/classifiers', 'query_string': None, 'data': {'classifier_system': 'OKSTU', 'code': 'TEST_03', 'full_name': 'Test 3'}, 'error': None}
{'timestamp': '2026-06-09T07:06:27.471600+00:00', 'severity': 'INFO', 'endpoint': '/registry/classifiers', 'query_string': None, 'data': None, 'error': None}
{'timestamp': '2026-06-09T07:06:27.489671+00:00', 'severity': 'INFO', 'endpoint': '/registry/classifiers', 'query_string': None, 'data': {'classifier_system': 'MKS', 'code': 'TEST_MKS', 'full_name': 'Test MKS'}, 'error': None}
{'timestamp': '2026-06-09T07:06:27.493527+00:00', 'severity': 'INFO', 'endpoint': '/registry/classifiers', 'query_string': None, 'data': {'classifier_system': 'OKSTU', 'code': 'TEST_OKSTU', 'full_name': 'Test OKSTU'}, 'error': None}
{'timestamp': '2026-06-09T07:06:27.496009+00:00', 'severity': 'INFO', 'endpoint': '/registry/classifiers', 'query_string': None, 'data': {'classifier_system': 'MKS', 'code': 'TEST_ACTIVE', 'full_name': 'Test Active', 'status': 'active'}, 'error': None}
{'timestamp': '2026-06-09T07:06:27.498378+00:00', 'severity': 'INFO', 'endpoint': '/registry/classifiers', 'query_string': None, 'data': None, 'error': None}
{'timestamp': '2026-06-09T07:06:27.502195+00:00', 'severity': 'INFO', 'endpoint': '/registry/classifiers', 'query_string': None, 'data': None, 'error': None}
{'timestamp': '2026-06-09T07:06:27.518027+00:00', 'severity': 'INFO', 'endpoint': '/registry/classifiers', 'query_string': None, 'data': {'classifier_system': 'MKS', 'code': 'TEST_SEARCH', 'full_name': 'Machine Learning Classifier'}, 'error': None}
{'timestamp': '2026-06-09T07:06:27.520987+00:00', 'severity': 'INFO', 'endpoint': '/registry/classifiers', 'query_string': None, 'data': {'classifier_system': 'MKS', 'code': 'TEST_OTHER', 'full_name': 'Other Classifier'}, 'error': None}
{'timestamp': '2026-06-09T07:06:27.523996+00:00', 'severity': 'INFO', 'endpoint': '/registry/classifiers', 'query_string': None, 'data': None, 'error': None}
{'timestamp': '2026-06-09T07:06:27.540219+00:00', 'severity': 'INFO', 'endpoint': '/registry/classifiers', 'query_string': None, 'data': {'classifier_system': 'MKS', 'code': 'TEST_PAGE_0', 'full_name': 'Test 0'}, 'error': None}
{'timestamp': '2026-06-09T07:06:27.543827+00:00', 'severity': 'INFO', 'endpoint': '/registry/classifiers', 'query_string': None, 'data': {'classifier_system': 'MKS', 'code': 'TEST_PAGE_1', 'full_name': 'Test 1'}, 'error': None}
{'timestamp': '2026-06-09T07:06:27.546352+00:00', 'severity': 'INFO', 'endpoint': '/registry/classifiers', 'query_string': None, 'data': {'classifier_system': 'MKS', 'code': 'TEST_PAGE_2', 'full_name': 'Test 2'}, 'error': None}
{'timestamp': '2026-06-09T07:06:27.548692+00:00', 'severity': 'INFO', 'endpoint': '/registry/classifiers', 'query_string': None, 'data': {'classifier_system': 'MKS', 'code': 'TEST_PAGE_3', 'full_name': 'Test 3'}, 'error': None}
{'timestamp': '2026-06-09T07:06:27.550899+00:00', 'severity': 'INFO', 'endpoint': '/registry/classifiers', 'query_string': None, 'data': {'classifier_system': 'MKS', 'code': 'TEST_PAGE_4', 'full_name': 'Test 4'}, 'error': None}
{'timestamp': '2026-06-09T07:06:27.553576+00:00', 'severity': 'INFO', 'endpoint': '/registry/classifiers', 'query_string': None, 'data': {'classifier_system': 'MKS', 'code': 'TEST_PAGE_5', 'full_name': 'Test 5'}, 'error': None}
{'timestamp': '2026-06-09T07:06:27.557048+00:00', 'severity': 'INFO', 'endpoint': '/registry/classifiers', 'query_string': None, 'data': {'classifier_system': 'MKS', 'code': 'TEST_PAGE_6', 'full_name': 'Test 6'}, 'error': None}
{'timestamp': '2026-06-09T07:06:27.560288+00:00', 'severity': 'INFO', 'endpoint': '/registry/classifiers', 'query_string': None, 'data': {'classifier_system': 'MKS', 'code': 'TEST_PAGE_7', 'full_name': 'Test 7'}, 'error': None}
{'timestamp': '2026-06-09T07:06:27.562940+00:00', 'severity': 'INFO', 'endpoint': '/registry/classifiers', 'query_string': None, 'data': {'classifier_system': 'MKS', 'code': 'TEST_PAGE_8', 'full_name': 'Test 8'}, 'error': None}
{'timestamp': '2026-06-09T07:06:27.565501+00:00', 'severity': 'INFO', 'endpoint': '/registry/classifiers', 'query_string': None, 'data': {'classifier_system': 'MKS', 'code': 'TEST_PAGE_9', 'full_name': 'Test 9'}, 'error': None}
{'timestamp': '2026-06-09T07:06:27.568028+00:00', 'severity': 'INFO', 'endpoint': '/registry/classifiers', 'query_string': None, 'data': {'classifier_system': 'MKS', 'code': 'TEST_PAGE_10', 'full_name': 'Test 10'}, 'error': None}
{'timestamp': '2026-06-09T07:06:27.570748+00:00', 'severity': 'INFO', 'endpoint': '/registry/classifiers', 'query_string': None, 'data': {'classifier_system': 'MKS', 'code': 'TEST_PAGE_11', 'full_name': 'Test 11'}, 'error': None}
{'timestamp': '2026-06-09T07:06:27.573875+00:00', 'severity': 'INFO', 'endpoint': '/registry/classifiers', 'query_string': None, 'data': {'classifier_system': 'MKS', 'code': 'TEST_PAGE_12', 'full_name': 'Test 12'}, 'error': None}
{'timestamp': '2026-06-09T07:06:27.577101+00:00', 'severity': 'INFO', 'endpoint': '/registry/classifiers', 'query_string': None, 'data': {'classifier_system': 'MKS', 'code': 'TEST_PAGE_13', 'full_name': 'Test 13'}, 'error': None}
{'timestamp': '2026-06-09T07:06:27.579597+00:00', 'severity': 'INFO', 'endpoint': '/registry/classifiers', 'query_string': None, 'data': {'classifier_system': 'MKS', 'code': 'TEST_PAGE_14', 'full_name': 'Test 14'}, 'error': None}
{'timestamp': '2026-06-09T07:06:27.581949+00:00', 'severity': 'INFO', 'endpoint': '/registry/classifiers', 'query_string': None, 'data': None, 'error': None}
{'timestamp': '2026-06-09T07:06:27.597237+00:00', 'severity': 'INFO', 'endpoint': '/registry/classifiers', 'query_string': None, 'data': {'classifier_system': 'MKS', 'code': 'TEST_03', 'full_name': 'Test 3'}, 'error': None}
{'timestamp': '2026-06-09T07:06:27.600530+00:00', 'severity': 'INFO', 'endpoint': '/registry/classifiers/TEST_03', 'query_string': None, 'data': None, 'error': None}
{'timestamp': '2026-06-09T07:06:27.614857+00:00', 'severity': 'INFO', 'endpoint': '/registry/classifiers/NONEXISTENT', 'query_string': None, 'data': None, 'error': None}
{'timestamp': '2026-06-09T07:06:27.630612+00:00', 'severity': 'INFO', 'endpoint': '/registry/classifiers', 'query_string': None, 'data': {'classifier_system': 'MKS', 'code': 'TEST_04', 'full_name': 'Test 4'}, 'error': None}
{'timestamp': '2026-06-09T07:06:27.634068+00:00', 'severity': 'INFO', 'endpoint': '/registry/classifiers/TEST_04', 'query_string': None, 'data': {'full_name': 'Updated Test 4'}, 'error': None}
{'timestamp': '2026-06-09T07:06:27.650314+00:00', 'severity': 'INFO', 'endpoint': '/registry/classifiers/NONEXISTENT', 'query_string': None, 'data': {'full_name': 'Updated Name'}, 'error': None}
{'timestamp': '2026-06-09T07:06:27.664968+00:00', 'severity': 'INFO', 'endpoint': '/registry/classifiers', 'query_string': None, 'data': {'classifier_system': 'MKS', 'code': 'TEST_05', 'full_name': 'Test 5'}, 'error': None}
{'timestamp': '2026-06-09T07:06:27.668347+00:00', 'severity': 'INFO', 'endpoint': '/registry/classifiers/TEST_05', 'query_string': None, 'data': None, 'error': None}
{'timestamp': '2026-06-09T07:06:27.677044+00:00', 'severity': 'INFO', 'endpoint': '/registry/classifiers/TEST_05', 'query_string': None, 'data': None, 'error': None}
{'timestamp': '2026-06-09T07:06:27.696833+00:00', 'severity': 'INFO', 'endpoint': '/registry/classifiers', 'query_string': None, 'data': {'classifier_system': 'MKS', 'code': 'PARENT', 'full_name': 'Parent'}, 'error': None}
{'timestamp': '2026-06-09T07:06:27.699734+00:00', 'severity': 'INFO', 'endpoint': '/registry/classifiers', 'query_string': None, 'data': {'classifier_system': 'MKS', 'code': 'CHILD', 'full_name': 'Child', 'parent_code': 'PARENT'}, 'error': None}
{'timestamp': '2026-06-09T07:06:27.701995+00:00', 'severity': 'INFO', 'endpoint': '/registry/classifiers/PARENT', 'query_string': None, 'data': None, 'error': None}
{'timestamp': '2026-06-09T07:06:27.704129+00:00', 'severity': 'INFO', 'endpoint': '/registry/classifiers/PARENT', 'query_string': None, 'data': None, 'error': None}
{'timestamp': '2026-06-09T07:06:27.719823+00:00', 'severity': 'INFO', 'endpoint': '/registry/classifiers/NONEXISTENT', 'query_string': None, 'data': None, 'error': None}
{'timestamp': '2026-06-09T07:06:27.735089+00:00', 'severity': 'INFO', 'endpoint': '/registry/classifiers', 'query_string': None, 'data': {'classifier_system': 'MKS', 'code': 'ROOT_1', 'full_name': 'Root Classifier'}, 'error': None}
{'timestamp': '2026-06-09T07:06:27.737939+00:00', 'severity': 'INFO', 'endpoint': '/registry/classifiers', 'query_string': None, 'data': {'classifier_system': 'MKS', 'code': 'CHILD_1', 'full_name': 'Child Classifier', 'parent_code': 'ROOT_1'}, 'error': None}
{'timestamp': '2026-06-09T07:06:27.741435+00:00', 'severity': 'INFO', 'endpoint': '/registry/classifiers', 'query_string': None, 'data': {'classifier_system': 'MKS', 'code': 'CHILD_2', 'full_name': 'Child 2', 'parent_code': 'ROOT_1'}, 'error': None}
{'timestamp': '2026-06-09T07:06:27.744823+00:00', 'severity': 'INFO', 'endpoint': '/registry/classifiers/tree', 'query_string': None, 'data': None, 'error': None}
{'timestamp': '2026-06-09T07:06:27.760255+00:00', 'severity': 'INFO', 'endpoint': '/registry/classifiers', 'query_string': None, 'data': {'classifier_system': 'MKS', 'code': 'ROOT_A', 'full_name': 'Root A'}, 'error': None}
{'timestamp': '2026-06-09T07:06:27.763487+00:00', 'severity': 'INFO', 'endpoint': '/registry/classifiers', 'query_string': None, 'data': {'classifier_system': 'MKS', 'code': 'ROOT_B', 'full_name': 'Root B'}, 'error': None}
{'timestamp': '2026-06-09T07:06:27.765789+00:00', 'severity': 'INFO', 'endpoint': '/registry/classifiers', 'query_string': None, 'data': {'classifier_system': 'MKS', 'code': 'CHILD_A', 'full_name': 'Child A', 'parent_code': 'ROOT_A'}, 'error': None}
{'timestamp': '2026-06-09T07:06:27.768188+00:00', 'severity': 'INFO', 'endpoint': '/registry/classifiers/tree', 'query_string': None, 'data': None, 'error': None}
{'timestamp': '2026-06-09T07:06:27.784476+00:00', 'severity': 'INFO', 'endpoint': '/registry/classifiers', 'query_string': None, 'data': {'classifier_system': 'MKS', 'code': 'ROOT_SEARCH', 'full_name': 'Machine Learning Root'}, 'error': None}
{'timestamp': '2026-06-09T07:06:27.787687+00:00', 'severity': 'INFO', 'endpoint': '/registry/classifiers', 'query_string': None, 'data': {'classifier_system': 'MKS', 'code': 'CHILD_SEARCH', 'full_name': 'ML Child', 'parent_code': 'ROOT_SEARCH'}, 'error': None}
{'timestamp': '2026-06-09T07:06:27.790977+00:00', 'severity': 'INFO', 'endpoint': '/registry/classifiers/tree', 'query_string': None, 'data': None, 'error': None}
{'timestamp': '2026-06-09T07:06:27.805574+00:00', 'severity': 'INFO', 'endpoint': '/registry/classifiers', 'query_string': None, 'data': {'classifier_system': 'MKS', 'code': 'TEST_PATCH', 'full_name': 'Original Name'}, 'error': None}
{'timestamp': '2026-06-09T07:06:27.810012+00:00', 'severity': 'INFO', 'endpoint': '/registry/classifiers/TEST_PATCH', 'query_string': None, 'data': {'full_name': 'Patched Name'}, 'error': None}
{'timestamp': '2026-06-09T07:06:27.825635+00:00', 'severity': 'INFO', 'endpoint': '/registry/classifiers/NONEXISTENT', 'query_string': None, 'data': {'full_name': 'Patched Name'}, 'error': None}
{'timestamp': '2026-06-09T07:06:27.843275+00:00', 'severity': 'INFO', 'endpoint': '/registry/classifiers/import', 'query_string': None, 'data': None, 'error': None}
{'timestamp': '2026-06-09T07:06:27.857757+00:00', 'severity': 'INFO', 'endpoint': '/registry/classifiers', 'query_string': None, 'data': {'classifier_system': 'MKS', 'code': 'PARENT_FILTER', 'full_name': 'Parent Filter'}, 'error': None}
{'timestamp': '2026-06-09T07:06:27.861551+00:00', 'severity': 'INFO', 'endpoint': '/registry/classifiers', 'query_string': None, 'data': {'classifier_system': 'MKS', 'code': 'CHILD_FILTER', 'full_name': 'Child Filter', 'parent_code': 'PARENT_FILTER'}, 'error': None}
{'timestamp': '2026-06-09T07:06:27.863977+00:00', 'severity': 'INFO', 'endpoint': '/registry/classifiers', 'query_string': None, 'data': {'classifier_system': 'MKS', 'code': 'ROOT_FILTER', 'full_name': 'Root Filter'}, 'error': None}
{'timestamp': '2026-06-09T07:06:27.866309+00:00', 'severity': 'INFO', 'endpoint': '/registry/classifiers', 'query_string': None, 'data': None, 'error': None}
{'timestamp': '2026-06-09T07:06:27.883409+00:00', 'severity': 'INFO', 'endpoint': '/registry/classifiers', 'query_string': None, 'data': {'classifier_system': 'MKS', 'code': 'H_ROOT', 'full_name': 'Hierarchical Root'}, 'error': None}
{'timestamp': '2026-06-09T07:06:27.886542+00:00', 'severity': 'INFO', 'endpoint': '/registry/classifiers', 'query_string': None, 'data': {'classifier_system': 'MKS', 'code': 'H_ROOT.CHILD1', 'full_name': 'Child 1', 'parent_code': 'H_ROOT'}, 'error': None}
{'timestamp': '2026-06-09T07:06:27.889464+00:00', 'severity': 'INFO', 'endpoint': '/registry/classifiers', 'query_string': None, 'data': {'classifier_system': 'MKS', 'code': 'H_ROOT.CHILD1.GRANDCHILD', 'full_name': 'Grandchild', 'parent_code': 'H_ROOT.CHILD1'}, 'error': None}
{'timestamp': '2026-06-09T07:06:27.893645+00:00', 'severity': 'INFO', 'endpoint': '/registry/classifiers/tree', 'query_string': None, 'data': None, 'error': None}
{'timestamp': '2026-06-09T07:06:27.908872+00:00', 'severity': 'INFO', 'endpoint': '/registry/classifiers', 'query_string': None, 'data': {'classifier_system': 'MKS', 'code': 'EFF_01', 'full_name': 'Effective Date Test', 'effective_date': '2026-06-08T00:00:00'}, 'error': None}
{'timestamp': '2026-06-09T07:06:27.925720+00:00', 'severity': 'INFO', 'endpoint': '/registry/classifiers', 'query_string': None, 'data': {'classifier_system': 'MKS', 'code': 'MKS_REF', 'full_name': 'Referenced Classifier'}, 'error': None}
{'timestamp': '2026-06-09T07:06:27.929708+00:00', 'severity': 'INFO', 'endpoint': '/registry/documents', 'query_string': None, 'data': {'title': 'Document Ref Test', 'doc_code': 'DOC_REF_01', 'mks_oks_code': 'MKS_REF'}, 'error': None}
{'timestamp': '2026-06-09T07:06:27.933704+00:00', 'severity': 'INFO', 'endpoint': '/registry/documents', 'query_string': None, 'data': {'doc_code': 'DOC_REF_01'}, 'error': 'Document created'}
{'timestamp': '2026-06-09T07:06:27.935429+00:00', 'severity': 'INFO', 'endpoint': '/registry/classifiers/MKS_REF', 'query_string': None, 'data': None, 'error': None}
{'timestamp': '2026-06-09T07:06:27.951690+00:00', 'severity': 'INFO', 'endpoint': '/registry/classifiers', 'query_string': None, 'data': {'classifier_system': 'MKS', 'code': '47.020', 'full_name': 'Parent Section'}, 'error': None}
{'timestamp': '2026-06-09T07:06:27.958297+00:00', 'severity': 'INFO', 'endpoint': '/registry/classifiers/pending', 'query_string': None, 'data': None, 'error': None}
{'timestamp': '2026-06-09T07:06:27.976443+00:00', 'severity': 'INFO', 'endpoint': '/registry/enums', 'query_string': None, 'data': None, 'error': None}
{'timestamp': '2026-06-09T07:06:27.993071+00:00', 'severity': 'INFO', 'endpoint': '/registry/enums', 'query_string': None, 'data': None, 'error': None}
{'timestamp': '2026-06-09T07:06:28.008980+00:00', 'severity': 'INFO', 'endpoint': '/registry/stats', 'query_string': None, 'data': None, 'error': None}
{'timestamp': '2026-06-09T07:06:28.032060+00:00', 'severity': 'INFO', 'endpoint': '/registry/classifiers', 'query_string': None, 'data': {'classifier_system': 'MKS', 'code': 'STATS_01', 'full_name': 'Stats Classifier'}, 'error': None}
{'timestamp': '2026-06-09T07:06:28.035216+00:00', 'severity': 'INFO', 'endpoint': '/registry/classifiers', 'query_string': None, 'data': {'classifier_system': 'MKS', 'code': 'STATS_02', 'full_name': 'Stats Classifier 2'}, 'error': None}
{'timestamp': '2026-06-09T07:06:28.038254+00:00', 'severity': 'INFO', 'endpoint': '/registry/terminology', 'query_string': None, 'data': {'raw_term': 'Stats Term', 'standard_term': 'Stats Term', 'normalized_value': 'stats term', 'term_type': 'term'}, 'error': None}
{'timestamp': '2026-06-09T07:06:28.044054+00:00', 'severity': 'INFO', 'endpoint': '/registry/documents', 'query_string': None, 'data': {'title': 'Stats Document', 'status': 'draft', 'classifier_system': 'MKS'}, 'error': None}
{'timestamp': '2026-06-09T07:06:28.045718+00:00', 'severity': 'INFO', 'endpoint': '/registry/documents', 'query_string': None, 'data': {'doc_code': 'STATS-DOCUMENT'}, 'error': 'Document created'}
{'timestamp': '2026-06-09T07:06:28.047174+00:00', 'severity': 'INFO', 'endpoint': '/registry/documents', 'query_string': None, 'data': {'title': 'Stats Document 2', 'status': 'approved', 'classifier_system': 'MKS'}, 'error': None}
{'timestamp': '2026-06-09T07:06:28.048269+00:00', 'severity': 'INFO', 'endpoint': '/registry/documents', 'query_string': None, 'data': {'doc_code': 'STATS-DOCUMENT-2'}, 'error': 'Document created'}
{'timestamp': '2026-06-09T07:06:28.049661+00:00', 'severity': 'INFO', 'endpoint': '/registry/stats', 'query_string': None, 'data': None, 'error': None}
{'timestamp': '2026-06-09T07:06:28.066073+00:00', 'severity': 'INFO', 'endpoint': '/registry/documents', 'query_string': None, 'data': {'title': 'Draft Doc Status', 'status': 'draft', 'classifier_system': 'MKS'}, 'error': None}
{'timestamp': '2026-06-09T07:06:28.067873+00:00', 'severity': 'INFO', 'endpoint': '/registry/documents', 'query_string': None, 'data': {'doc_code': 'DRAFT-DOC-STATUS'}, 'error': 'Document created'}
{'timestamp': '2026-06-09T07:06:28.069509+00:00', 'severity': 'INFO', 'endpoint': '/registry/documents', 'query_string': None, 'data': {'title': 'Draft Doc Status 2', 'status': 'draft', 'classifier_system': 'MKS'}, 'error': None}
{'timestamp': '2026-06-09T07:06:28.070772+00:00', 'severity': 'INFO', 'endpoint': '/registry/documents', 'query_string': None, 'data': {'doc_code': 'DRAFT-DOC-STATUS-2'}, 'error': 'Document created'}
{'timestamp': '2026-06-09T07:06:28.072765+00:00', 'severity': 'INFO', 'endpoint': '/registry/documents', 'query_string': None, 'data': {'title': 'Approved Doc Status', 'status': 'approved', 'classifier_system': 'MKS'}, 'error': None}
{'timestamp': '2026-06-09T07:06:28.074902+00:00', 'severity': 'INFO', 'endpoint': '/registry/documents', 'query_string': None, 'data': {'doc_code': 'APPROVED-DOC-STATUS'}, 'error': 'Document created'}
{'timestamp': '2026-06-09T07:06:28.077017+00:00', 'severity': 'INFO', 'endpoint': '/registry/documents', 'query_string': None, 'data': {'title': 'Processing Doc Status', 'status': 'processing', 'classifier_system': 'MKS'}, 'error': None}
{'timestamp': '2026-06-09T07:06:28.078648+00:00', 'severity': 'INFO', 'endpoint': '/registry/documents', 'query_string': None, 'data': {'doc_code': 'PROCESSING-DOC-STATUS'}, 'error': 'Document created'}
{'timestamp': '2026-06-09T07:06:28.080329+00:00', 'severity': 'INFO', 'endpoint': '/registry/stats', 'query_string': None, 'data': None, 'error': None}
{'timestamp': '2026-06-09T07:06:28.098555+00:00', 'severity': 'INFO', 'endpoint': '/registry/documents', 'query_string': None, 'data': {'title': 'Test Document', 'doc_code': 'DOC-123', 'status': 'draft', 'classifier_system': 'MKS', 'mks_oks_code': '01.01.01'}, 'error': None}
{'timestamp': '2026-06-09T07:06:28.100361+00:00', 'severity': 'INFO', 'endpoint': '/registry/documents', 'query_string': None, 'data': {'doc_code': 'DOC-123'}, 'error': 'Document created'}
{'timestamp': '2026-06-09T07:06:28.115686+00:00', 'severity': 'INFO', 'endpoint': '/registry/classifiers', 'query_string': None, 'data': {'classifier_system': 'MKS', 'code': 'CLS_001', 'full_name': 'Test Classifier'}, 'error': None}
{'timestamp': '2026-06-09T07:06:28.118586+00:00', 'severity': 'INFO', 'endpoint': '/registry/documents', 'query_string': None, 'data': {'title': 'Document with Classifier', 'doc_code': 'DOC-CLS', 'classifier_system': 'MKS', 'mks_oks_code': 'CLS_001'}, 'error': None}
{'timestamp': '2026-06-09T07:06:28.120090+00:00', 'severity': 'INFO', 'endpoint': '/registry/documents', 'query_string': None, 'data': {'doc_code': 'DOC-CLS'}, 'error': 'Document created'}
{'timestamp': '2026-06-09T07:06:28.134227+00:00', 'severity': 'INFO', 'endpoint': '/registry/documents', 'query_string': None, 'data': {'doc_code': 'DOC-VAL'}, 'error': None}
{'timestamp': '2026-06-09T07:06:28.134544+00:00', 'severity': 'WARNING', 'endpoint': '/registry/documents', 'query_string': None, 'data': {'doc_code': 'DOC-VAL'}, 'error': 'Missing required fields'}
{'timestamp': '2026-06-09T07:06:28.149276+00:00', 'severity': 'INFO', 'endpoint': '/registry/documents', 'query_string': None, 'data': {'title': 'Doc 1', 'classifier_system': 'MKS'}, 'error': None}
{'timestamp': '2026-06-09T07:06:28.151020+00:00', 'severity': 'INFO', 'endpoint': '/registry/documents', 'query_string': None, 'data': {'doc_code': 'DOC-1'}, 'error': 'Document created'}
{'timestamp': '2026-06-09T07:06:28.152764+00:00', 'severity': 'INFO', 'endpoint': '/registry/documents', 'query_string': None, 'data': {'title': 'Doc 2', 'classifier_system': 'MKS'}, 'error': None}
{'timestamp': '2026-06-09T07:06:28.154041+00:00', 'severity': 'INFO', 'endpoint': '/registry/documents', 'query_string': None, 'data': {'doc_code': 'DOC-2'}, 'error': 'Document created'}
{'timestamp': '2026-06-09T07:06:28.156911+00:00', 'severity': 'INFO', 'endpoint': '/registry/documents', 'query_string': None, 'data': None, 'error': None}
{'timestamp': '2026-06-09T07:06:28.176905+00:00', 'severity': 'INFO', 'endpoint': '/registry/documents', 'query_string': None, 'data': {'title': 'Draft Doc', 'status': 'draft', 'classifier_system': 'MKS'}, 'error': None}
{'timestamp': '2026-06-09T07:06:28.178925+00:00', 'severity': 'INFO', 'endpoint': '/registry/documents', 'query_string': None, 'data': {'doc_code': 'DRAFT-DOC'}, 'error': 'Document created'}
{'timestamp': '2026-06-09T07:06:28.180648+00:00', 'severity': 'INFO', 'endpoint': '/registry/documents', 'query_string': None, 'data': {'title': 'Active Doc', 'status': 'active', 'classifier_system': 'MKS'}, 'error': None}
{'timestamp': '2026-06-09T07:06:28.181919+00:00', 'severity': 'INFO', 'endpoint': '/registry/documents', 'query_string': None, 'data': {'doc_code': 'ACTIVE-DOC'}, 'error': 'Document created'}
{'timestamp': '2026-06-09T07:06:28.183837+00:00', 'severity': 'INFO', 'endpoint': '/registry/documents', 'query_string': None, 'data': None, 'error': None}
{'timestamp': '2026-06-09T07:06:28.207133+00:00', 'severity': 'INFO', 'endpoint': '/registry/documents', 'query_string': None, 'data': {'title': 'Machine Learning Document', 'classifier_system': 'MKS'}, 'error': None}
{'timestamp': '2026-06-09T07:06:28.210323+00:00', 'severity': 'INFO', 'endpoint': '/registry/documents', 'query_string': None, 'data': {'doc_code': 'MACHINE-LEARNING-DOCUMENT'}, 'error': 'Document created'}
{'timestamp': '2026-06-09T07:06:28.213665+00:00', 'severity': 'INFO', 'endpoint': '/registry/documents', 'query_string': None, 'data': None, 'error': None}
{'timestamp': '2026-06-09T07:06:28.245312+00:00', 'severity': 'INFO', 'endpoint': '/registry/classifiers', 'query_string': None, 'data': {'classifier_system': 'MKS', 'code': 'CLS_FILTER', 'full_name': 'Filter Classifier'}, 'error': None}
{'timestamp': '2026-06-09T07:06:28.250379+00:00', 'severity': 'INFO', 'endpoint': '/registry/documents', 'query_string': None, 'data': {'title': 'Doc 1', 'classifier_system': 'MKS', 'mks_oks_code': 'CLS_FILTER'}, 'error': None}
{'timestamp': '2026-06-09T07:06:28.252742+00:00', 'severity': 'INFO', 'endpoint': '/registry/documents', 'query_string': None, 'data': {'doc_code': 'DOC-1'}, 'error': 'Document created'}
{'timestamp': '2026-06-09T07:06:28.255230+00:00', 'severity': 'INFO', 'endpoint': '/registry/documents', 'query_string': None, 'data': None, 'error': None}
{'timestamp': '2026-06-09T07:06:28.281451+00:00', 'severity': 'INFO', 'endpoint': '/registry/documents', 'query_string': None, 'data': {'title': 'Doc 0', 'classifier_system': 'MKS'}, 'error': None}
{'timestamp': '2026-06-09T07:06:28.284273+00:00', 'severity': 'INFO', 'endpoint': '/registry/documents', 'query_string': None, 'data': {'doc_code': 'DOC-0'}, 'error': 'Document created'}
{'timestamp': '2026-06-09T07:06:28.286345+00:00', 'severity': 'INFO', 'endpoint': '/registry/documents', 'query_string': None, 'data': {'title': 'Doc 1', 'classifier_system': 'MKS'}, 'error': None}
{'timestamp': '2026-06-09T07:06:28.288359+00:00', 'severity': 'INFO', 'endpoint': '/registry/documents', 'query_string': None, 'data': {'doc_code': 'DOC-1'}, 'error': 'Document created'}
{'timestamp': '2026-06-09T07:06:28.291029+00:00', 'severity': 'INFO', 'endpoint': '/registry/documents', 'query_string': None, 'data': {'title': 'Doc 2', 'classifier_system': 'MKS'}, 'error': None}
{'timestamp': '2026-06-09T07:06:28.293658+00:00', 'severity': 'INFO', 'endpoint': '/registry/documents', 'query_string': None, 'data': {'doc_code': 'DOC-2'}, 'error': 'Document created'}
{'timestamp': '2026-06-09T07:06:28.296330+00:00', 'severity': 'INFO', 'endpoint': '/registry/documents', 'query_string': None, 'data': {'title': 'Doc 3', 'classifier_system': 'MKS'}, 'error': None}
{'timestamp': '2026-06-09T07:06:28.298430+00:00', 'severity': 'INFO', 'endpoint': '/registry/documents', 'query_string': None, 'data': {'doc_code': 'DOC-3'}, 'error': 'Document created'}
{'timestamp': '2026-06-09T07:06:28.300559+00:00', 'severity': 'INFO', 'endpoint': '/registry/documents', 'query_string': None, 'data': {'title': 'Doc 4', 'classifier_system': 'MKS'}, 'error': None}
{'timestamp': '2026-06-09T07:06:28.302411+00:00', 'severity': 'INFO', 'endpoint': '/registry/documents', 'query_string': None, 'data': {'doc_code': 'DOC-4'}, 'error': 'Document created'}
{'timestamp': '2026-06-09T07:06:28.304586+00:00', 'severity': 'INFO', 'endpoint': '/registry/documents', 'query_string': None, 'data': {'title': 'Doc 5', 'classifier_system': 'MKS'}, 'error': None}
{'timestamp': '2026-06-09T07:06:28.307485+00:00', 'severity': 'INFO', 'endpoint': '/registry/documents', 'query_string': None, 'data': {'doc_code': 'DOC-5'}, 'error': 'Document created'}
{'timestamp': '2026-06-09T07:06:28.310559+00:00', 'severity': 'INFO', 'endpoint': '/registry/documents', 'query_string': None, 'data': {'title': 'Doc 6', 'classifier_system': 'MKS'}, 'error': None}
{'timestamp': '2026-06-09T07:06:28.312871+00:00', 'severity': 'INFO', 'endpoint': '/registry/documents', 'query_string': None, 'data': {'doc_code': 'DOC-6'}, 'error': 'Document created'}
{'timestamp': '2026-06-09T07:06:28.315137+00:00', 'severity': 'INFO', 'endpoint': '/registry/documents', 'query_string': None, 'data': {'title': 'Doc 7', 'classifier_system': 'MKS'}, 'error': None}
{'timestamp': '2026-06-09T07:06:28.317279+00:00', 'severity': 'INFO', 'endpoint': '/registry/documents', 'query_string': None, 'data': {'doc_code': 'DOC-7'}, 'error': 'Document created'}
{'timestamp': '2026-06-09T07:06:28.319639+00:00', 'severity': 'INFO', 'endpoint': '/registry/documents', 'query_string': None, 'data': {'title': 'Doc 8', 'classifier_system': 'MKS'}, 'error': None}
{'timestamp': '2026-06-09T07:06:28.322224+00:00', 'severity': 'INFO', 'endpoint': '/registry/documents', 'query_string': None, 'data': {'doc_code': 'DOC-8'}, 'error': 'Document created'}
{'timestamp': '2026-06-09T07:06:28.325320+00:00', 'severity': 'INFO', 'endpoint': '/registry/documents', 'query_string': None, 'data': {'title': 'Doc 9', 'classifier_system': 'MKS'}, 'error': None}
{'timestamp': '2026-06-09T07:06:28.328086+00:00', 'severity': 'INFO', 'endpoint': '/registry/documents', 'query_string': None, 'data': {'doc_code': 'DOC-9'}, 'error': 'Document created'}
{'timestamp': '2026-06-09T07:06:28.330338+00:00', 'severity': 'INFO', 'endpoint': '/registry/documents', 'query_string': None, 'data': {'title': 'Doc 10', 'classifier_system': 'MKS'}, 'error': None}
{'timestamp': '2026-06-09T07:06:28.332046+00:00', 'severity': 'INFO', 'endpoint': '/registry/documents', 'query_string': None, 'data': {'doc_code': 'DOC-10'}, 'error': 'Document created'}
{'timestamp': '2026-06-09T07:06:28.333872+00:00', 'severity': 'INFO', 'endpoint': '/registry/documents', 'query_string': None, 'data': {'title': 'Doc 11', 'classifier_system': 'MKS'}, 'error': None}
{'timestamp': '2026-06-09T07:06:28.335283+00:00', 'severity': 'INFO', 'endpoint': '/registry/documents', 'query_string': None, 'data': {'doc_code': 'DOC-11'}, 'error': 'Document created'}
{'timestamp': '2026-06-09T07:06:28.337060+00:00', 'severity': 'INFO', 'endpoint': '/registry/documents', 'query_string': None, 'data': {'title': 'Doc 12', 'classifier_system': 'MKS'}, 'error': None}
{'timestamp': '2026-06-09T07:06:28.339163+00:00', 'severity': 'INFO', 'endpoint': '/registry/documents', 'query_string': None, 'data': {'doc_code': 'DOC-12'}, 'error': 'Document created'}
{'timestamp': '2026-06-09T07:06:28.341536+00:00', 'severity': 'INFO', 'endpoint': '/registry/documents', 'query_string': None, 'data': {'title': 'Doc 13', 'classifier_system': 'MKS'}, 'error': None}
{'timestamp': '2026-06-09T07:06:28.343666+00:00', 'severity': 'INFO', 'endpoint': '/registry/documents', 'query_string': None, 'data': {'doc_code': 'DOC-13'}, 'error': 'Document created'}
{'timestamp': '2026-06-09T07:06:28.345765+00:00', 'severity': 'INFO', 'endpoint': '/registry/documents', 'query_string': None, 'data': {'title': 'Doc 14', 'classifier_system': 'MKS'}, 'error': None}
{'timestamp': '2026-06-09T07:06:28.347267+00:00', 'severity': 'INFO', 'endpoint': '/registry/documents', 'query_string': None, 'data': {'doc_code': 'DOC-14'}, 'error': 'Document created'}
{'timestamp': '2026-06-09T07:06:28.349224+00:00', 'severity': 'INFO', 'endpoint': '/registry/documents', 'query_string': None, 'data': None, 'error': None}
{'timestamp': '2026-06-09T07:06:28.381360+00:00', 'severity': 'INFO', 'endpoint': '/registry/documents', 'query_string': None, 'data': {'title': 'Doc 2', 'classifier_system': 'MKS'}, 'error': None}
{'timestamp': '2026-06-09T07:06:28.384219+00:00', 'severity': 'INFO', 'endpoint': '/registry/documents', 'query_string': None, 'data': {'doc_code': 'DOC-2'}, 'error': 'Document created'}
{'timestamp': '2026-06-09T07:06:28.386992+00:00', 'severity': 'INFO', 'endpoint': '/registry/documents/1', 'query_string': None, 'data': None, 'error': None}
{'timestamp': '2026-06-09T07:06:28.407378+00:00', 'severity': 'INFO', 'endpoint': '/registry/documents/00000000-0000-0000-0000-000000000000', 'query_string': None, 'data': None, 'error': None}
{'timestamp': '2026-06-09T07:06:28.407782+00:00', 'severity': 'WARNING', 'endpoint': '/registry/documents/00000000-0000-0000-0000-000000000000', 'query_string': None, 'data': None, 'error': 'Document not found'}
{'timestamp': '2026-06-09T07:06:28.422237+00:00', 'severity': 'INFO', 'endpoint': '/registry/documents', 'query_string': None, 'data': {'title': 'Doc 3', 'classifier_system': 'MKS'}, 'error': None}
{'timestamp': '2026-06-09T07:06:28.424794+00:00', 'severity': 'INFO', 'endpoint': '/registry/documents', 'query_string': None, 'data': {'doc_code': 'DOC-3'}, 'error': 'Document created'}
{'timestamp': '2026-06-09T07:06:28.427058+00:00', 'severity': 'INFO', 'endpoint': '/registry/documents/1', 'query_string': None, 'data': {'title': 'Updated Doc 3'}, 'error': None}
{'timestamp': '2026-06-09T07:06:28.429003+00:00', 'severity': 'INFO', 'endpoint': '/registry/documents/1', 'query_string': None, 'data': {'title': 'Updated Doc 3'}, 'error': 'Document updated'}
{'timestamp': '2026-06-09T07:06:28.443901+00:00', 'severity': 'INFO', 'endpoint': '/registry/documents/00000000-0000-0000-0000-000000000000', 'query_string': None, 'data': {'title': 'Updated'}, 'error': None}
{'timestamp': '2026-06-09T07:06:28.444216+00:00', 'severity': 'WARNING', 'endpoint': '/registry/documents/00000000-0000-0000-0000-000000000000', 'query_string': None, 'data': None, 'error': 'Document not found'}
{'timestamp': '2026-06-09T07:06:28.458603+00:00', 'severity': 'INFO', 'endpoint': '/registry/documents', 'query_string': None, 'data': {'title': 'Doc 4', 'classifier_system': 'MKS'}, 'error': None}
{'timestamp': '2026-06-09T07:06:28.460969+00:00', 'severity': 'INFO', 'endpoint': '/registry/documents', 'query_string': None, 'data': {'doc_code': 'DOC-4'}, 'error': 'Document created'}
{'timestamp': '2026-06-09T07:06:28.462957+00:00', 'severity': 'INFO', 'endpoint': '/registry/documents/1', 'query_string': None, 'data': None, 'error': None}
{'timestamp': '2026-06-09T07:06:28.464035+00:00', 'severity': 'INFO', 'endpoint': '/registry/documents/1', 'query_string': None, 'data': None, 'error': 'Document deleted'}
{'timestamp': '2026-06-09T07:06:28.465462+00:00', 'severity': 'INFO', 'endpoint': '/registry/documents/1', 'query_string': None, 'data': None, 'error': None}
{'timestamp': '2026-06-09T07:06:28.465966+00:00', 'severity': 'WARNING', 'endpoint': '/registry/documents/1', 'query_string': None, 'data': None, 'error': 'Document not found'}
{'timestamp': '2026-06-09T07:06:28.480714+00:00', 'severity': 'INFO', 'endpoint': '/registry/documents/00000000-0000-0000-0000-000000000000', 'query_string': None, 'data': None, 'error': None}
{'timestamp': '2026-06-09T07:06:28.481035+00:00', 'severity': 'WARNING', 'endpoint': '/registry/documents/00000000-0000-0000-0000-000000000000', 'query_string': None, 'data': None, 'error': 'Document not found'}
{'timestamp': '2026-06-09T07:06:28.495372+00:00', 'severity': 'INFO', 'endpoint': '/registry/documents', 'query_string': None, 'data': {'title': 'Doc Patch Status', 'classifier_system': 'MKS', 'status': 'draft'}, 'error': None}
{'timestamp': '2026-06-09T07:06:28.497190+00:00', 'severity': 'INFO', 'endpoint': '/registry/documents', 'query_string': None, 'data': {'doc_code': 'DOC-PATCH-STATUS'}, 'error': 'Document created'}
{'timestamp': '2026-06-09T07:06:28.499148+00:00', 'severity': 'INFO', 'endpoint': '/registry/documents/1/status', 'query_string': None, 'data': {'status': 'uploaded', 'comment': 'moving to uploaded', 'changed_by': 'test_user'}, 'error': None}
{'timestamp': '2026-06-09T07:06:28.502058+00:00', 'severity': 'INFO', 'endpoint': '/registry/documents/1/status', 'query_string': None, 'data': {'status': 'uploaded', 'comment': 'moving to uploaded', 'changed_by': 'test_user'}, 'error': 'Document status updated'}
{'timestamp': '2026-06-09T07:06:28.503665+00:00', 'severity': 'INFO', 'endpoint': '/registry/documents/1/status', 'query_string': None, 'data': {'status': 'approved'}, 'error': None}
{'timestamp': '2026-06-09T07:06:28.505771+00:00', 'severity': 'INFO', 'endpoint': '/registry/documents/1/status', 'query_string': None, 'data': {'status': 'unknown_status'}, 'error': None}
{'timestamp': '2026-06-09T07:06:28.520170+00:00', 'severity': 'INFO', 'endpoint': '/registry/documents/00000000-0000-0000-0000-000000000000/status', 'query_string': None, 'data': {'status': 'approved'}, 'error': None}
{'timestamp': '2026-06-09T07:06:28.534436+00:00', 'severity': 'INFO', 'endpoint': '/registry/documents', 'query_string': None, 'data': {'title': 'Export Doc 1', 'classifier_system': 'MKS'}, 'error': None}
{'timestamp': '2026-06-09T07:06:28.536111+00:00', 'severity': 'INFO', 'endpoint': '/registry/documents', 'query_string': None, 'data': {'doc_code': 'EXPORT-DOC-1'}, 'error': 'Document created'}
{'timestamp': '2026-06-09T07:06:28.539050+00:00', 'severity': 'INFO', 'endpoint': '/registry/documents/export', 'query_string': None, 'data': None, 'error': None}
{'timestamp': '2026-06-09T07:06:28.558708+00:00', 'severity': 'INFO', 'endpoint': '/registry/documents/import', 'query_string': None, 'data': None, 'error': None}
{'timestamp': '2026-06-09T07:06:28.574250+00:00', 'severity': 'INFO', 'endpoint': '/registry/documents', 'query_string': None, 'data': {'title': 'History Doc', 'classifier_system': 'MKS'}, 'error': None}
{'timestamp': '2026-06-09T07:06:28.576545+00:00', 'severity': 'INFO', 'endpoint': '/registry/documents', 'query_string': None, 'data': {'doc_code': 'HISTORY-DOC'}, 'error': 'Document created'}
{'timestamp': '2026-06-09T07:06:28.578790+00:00', 'severity': 'INFO', 'endpoint': '/registry/documents/1/history', 'query_string': None, 'data': None, 'error': None}
{'timestamp': '2026-06-09T07:06:28.596642+00:00', 'severity': 'INFO', 'endpoint': '/registry/documents', 'query_string': None, 'data': {'title': 'Succession Doc', 'classifier_system': 'MKS'}, 'error': None}
{'timestamp': '2026-06-09T07:06:28.599170+00:00', 'severity': 'INFO', 'endpoint': '/registry/documents', 'query_string': None, 'data': {'doc_code': 'SUCCESSION-DOC'}, 'error': 'Document created'}
{'timestamp': '2026-06-09T07:06:28.601669+00:00', 'severity': 'INFO', 'endpoint': '/registry/documents/1/succession', 'query_string': None, 'data': None, 'error': None}
{'timestamp': '2026-06-09T07:06:28.619226+00:00', 'severity': 'INFO', 'endpoint': '/registry/documents', 'query_string': None, 'data': {'document': {'metadata': {'title': 'Pipeline Test Doc', 'doc_code': 'PL-001', 'source_type': 'GOST', 'mks_oks_code': '01.01.01', 'era': 'RF', 'status': 'uploaded'}, 'source': {'file_hash_sha256': 'abcdef1234567890abcdef1234567890abcdef1234567890abcdef1234567890'}, 'content': [{'clause': '1', 'title': 'Introduction', 'level': 1, 'type': 'text', 'content': 'This is a pipeline section'}], 'terminology': [{'term': 'PipelineTerm', 'normalized_term': 'pipelineterm', 'definition': 'A term created via pipeline'}], 'references': [{'target_doc_code': 'REF-001', 'type': 'replaces', 'context': 'replaces some older doc', 'current_status': 'active'}]}}, 'error': None}
{'timestamp': '2026-06-09T07:06:28.630589+00:00', 'severity': 'INFO', 'endpoint': '/registry/documents', 'query_string': None, 'data': {'document': {'metadata': {'title': 'Pipeline Test Doc', 'doc_code': 'PL-001', 'source_type': 'GOST', 'mks_oks_code': '01.01.01', 'era': 'RF', 'status': 'uploaded'}, 'source': {'file_hash_sha256': 'abcdef1234567890abcdef1234567890abcdef1234567890abcdef1234567890'}, 'content': [{'clause': '1', 'title': 'Introduction', 'level': 1, 'type': 'text', 'content': 'This is a pipeline section'}], 'terminology': [{'term': 'PipelineTerm', 'normalized_term': 'pipelineterm', 'definition': 'A term created via pipeline'}], 'references': [{'target_doc_code': 'REF-001', 'type': 'replaces', 'context': 'replaces some older doc', 'current_status': 'active'}]}}, 'error': None}
{'timestamp': '2026-06-09T07:06:28.654478+00:00', 'severity': 'INFO', 'endpoint': '/registry/documents', 'query_string': None, 'data': {'title': 'Filtered Doc Alpha', 'doc_code': 'FDA-01', 'classifier_system': 'MKS', 'era': 'USSR', 'source_type': 'GOST_R', 'validity_status': 'superseded', 'jurisdiction': 'RU'}, 'error': None}
{'timestamp': '2026-06-09T07:06:28.657220+00:00', 'severity': 'INFO', 'endpoint': '/registry/documents', 'query_string': None, 'data': {'doc_code': 'FDA-01'}, 'error': 'Document created'}
{'timestamp': '2026-06-09T07:06:28.659936+00:00', 'severity': 'INFO', 'endpoint': '/registry/documents', 'query_string': None, 'data': None, 'error': None}
{'timestamp': '2026-06-09T07:06:28.712055+00:00', 'severity': 'INFO', 'endpoint': '/registry/documents', 'query_string': None, 'data': {'title': 'Unique Doc', 'doc_code': 'UNQ-1', 'era': 'RF', 'status': 'approved'}, 'error': None}
{'timestamp': '2026-06-09T07:06:28.714595+00:00', 'severity': 'INFO', 'endpoint': '/registry/documents', 'query_string': None, 'data': {'doc_code': 'UNQ-1'}, 'error': 'Document created'}
{'timestamp': '2026-06-09T07:06:28.717159+00:00', 'severity': 'INFO', 'endpoint': '/registry/documents/check-uniqueness', 'query_string': None, 'data': {'title': 'Unique Doc', 'doc_code': 'UNQ-1', 'era': 'RF'}, 'error': None}
{'timestamp': '2026-06-09T07:06:28.737847+00:00', 'severity': 'INFO', 'endpoint': '/registry/documents', 'query_string': None, 'data': {'title': 'Sections Doc'}, 'error': None}
{'timestamp': '2026-06-09T07:06:28.740853+00:00', 'severity': 'INFO', 'endpoint': '/registry/documents', 'query_string': None, 'data': {'doc_code': 'SECTIONS-DOC'}, 'error': 'Document created'}
{'timestamp': '2026-06-09T07:06:28.743750+00:00', 'severity': 'INFO', 'endpoint': '/registry/documents/1/sections', 'query_string': None, 'data': None, 'error': None}
{'timestamp': '2026-06-09T07:06:28.762602+00:00', 'severity': 'INFO', 'endpoint': '/registry/documents', 'query_string': None, 'data': {'title': 'History Doc'}, 'error': None}
{'timestamp': '2026-06-09T07:06:28.764605+00:00', 'severity': 'INFO', 'endpoint': '/registry/documents', 'query_string': None, 'data': {'doc_code': 'HISTORY-DOC'}, 'error': 'Document created'}
{'timestamp': '2026-06-09T07:06:28.766875+00:00', 'severity': 'INFO', 'endpoint': '/registry/documents/1/history', 'query_string': None, 'data': None, 'error': None}
{'timestamp': '2026-06-09T07:06:28.782517+00:00', 'severity': 'INFO', 'endpoint': '/registry/documents', 'query_string': None, 'data': {'title': 'Pred', 'doc_code': 'P-1', 'era': 'USSR'}, 'error': None}
{'timestamp': '2026-06-09T07:06:28.784269+00:00', 'severity': 'INFO', 'endpoint': '/registry/documents', 'query_string': None, 'data': {'doc_code': 'P-1'}, 'error': 'Document created'}
{'timestamp': '2026-06-09T07:06:28.785970+00:00', 'severity': 'INFO', 'endpoint': '/registry/documents', 'query_string': None, 'data': {'title': 'Main', 'doc_code': 'M-1', 'era': 'USSR', 'predecessor_doc_id': 1}, 'error': None}
{'timestamp': '2026-06-09T07:06:28.787217+00:00', 'severity': 'INFO', 'endpoint': '/registry/documents', 'query_string': None, 'data': {'doc_code': 'M-1'}, 'error': 'Document created'}
{'timestamp': '2026-06-09T07:06:28.789035+00:00', 'severity': 'INFO', 'endpoint': '/registry/documents', 'query_string': None, 'data': {'title': 'Succ', 'doc_code': 'S-1', 'era': 'RF'}, 'error': None}
{'timestamp': '2026-06-09T07:06:28.790889+00:00', 'severity': 'INFO', 'endpoint': '/registry/documents', 'query_string': None, 'data': {'doc_code': 'S-1'}, 'error': 'Document created'}
{'timestamp': '2026-06-09T07:06:28.793316+00:00', 'severity': 'INFO', 'endpoint': '/registry/documents/2', 'query_string': None, 'data': {'successor_doc_id': 3}, 'error': None}
{'timestamp': '2026-06-09T07:06:28.795197+00:00', 'severity': 'INFO', 'endpoint': '/registry/documents/2', 'query_string': None, 'data': {'successor_doc_id': 3}, 'error': 'Document patched'}
{'timestamp': '2026-06-09T07:06:28.796939+00:00', 'severity': 'INFO', 'endpoint': '/registry/documents/2/succession', 'query_string': None, 'data': None, 'error': None}
{'timestamp': '2026-06-09T07:06:28.812892+00:00', 'severity': 'INFO', 'endpoint': '/registry/classifiers', 'query_string': None, 'data': {'classifier_system': 'MKS', 'code': '47.020', 'full_name': 'Hull'}, 'error': None}
{'timestamp': '2026-06-09T07:06:28.816286+00:00', 'severity': 'INFO', 'endpoint': '/registry/classifiers/validate', 'query_string': None, 'data': {'classification': {'mks_oks_code': '47.020', 'okstu_code': None, 'udk_code': None}}, 'error': None}
{'timestamp': '2026-06-09T07:06:28.831626+00:00', 'severity': 'INFO', 'endpoint': '/registry/documents', 'query_string': None, 'data': {'title': 'Pending Doc'}, 'error': None}
{'timestamp': '2026-06-09T07:06:28.833726+00:00', 'severity': 'INFO', 'endpoint': '/registry/documents', 'query_string': None, 'data': {'doc_code': 'PENDING-DOC'}, 'error': 'Document created'}
{'timestamp': '2026-06-09T07:06:28.835804+00:00', 'severity': 'INFO', 'endpoint': '/registry/classifiers/pending', 'query_string': None, 'data': None, 'error': None}
{'timestamp': '2026-06-09T07:06:28.841696+00:00', 'severity': 'INFO', 'endpoint': '/registry/classifiers/pending/1/accept', 'query_string': None, 'data': {'parent_code': '47.020', 'full_name': 'Other hull parts', 'admin_comment': 'ok'}, 'error': None}
{'timestamp': '2026-06-09T07:06:28.848884+00:00', 'severity': 'INFO', 'endpoint': '/registry/classifiers/pending/2/reject', 'query_string': None, 'data': {'admin_comment': 'invalid code'}, 'error': None}
{'timestamp': '2026-06-09T07:06:28.864546+00:00', 'severity': 'INFO', 'endpoint': '/registry/terminology', 'query_string': None, 'data': {'raw_term': 'Machine Learning', 'standard_term': 'Machine Learning', 'normalized_value': 'machine learning', 'term_type': 'term'}, 'error': None}
{'timestamp': '2026-06-09T07:06:28.880732+00:00', 'severity': 'INFO', 'endpoint': '/registry/terminology', 'query_string': None, 'data': {'raw_term': 'Duplicate Term', 'standard_term': 'Duplicate Term', 'normalized_value': 'duplicate term', 'term_type': 'term'}, 'error': None}
{'timestamp': '2026-06-09T07:06:28.883910+00:00', 'severity': 'INFO', 'endpoint': '/registry/terminology', 'query_string': None, 'data': {'raw_term': 'Duplicate Term', 'standard_term': 'Duplicate Term', 'normalized_value': 'duplicate term', 'term_type': 'term'}, 'error': None}
{'timestamp': '2026-06-09T07:06:28.899155+00:00', 'severity': 'INFO', 'endpoint': '/registry/terminology', 'query_string': None, 'data': {'standard_term': 'Test Term', 'normalized_value': 'test term', 'term_type': 'term'}, 'error': None}
{'timestamp': '2026-06-09T07:06:28.914052+00:00', 'severity': 'INFO', 'endpoint': '/registry/terminology', 'query_string': None, 'data': {'raw_term': 'Test Term', 'standard_term': 'Test Term', 'normalized_value': 'test term', 'term_type': 'term'}, 'error': None}
{'timestamp': '2026-06-09T07:06:28.916918+00:00', 'severity': 'INFO', 'endpoint': '/registry/terminology', 'query_string': None, 'data': {'raw_term': 'Another Term', 'standard_term': 'Another Term', 'normalized_value': 'another term', 'term_type': 'term'}, 'error': None}
{'timestamp': '2026-06-09T07:06:28.919666+00:00', 'severity': 'INFO', 'endpoint': '/registry/terminology', 'query_string': None, 'data': None, 'error': None}
{'timestamp': '2026-06-09T07:06:28.935760+00:00', 'severity': 'INFO', 'endpoint': '/registry/terminology', 'query_string': None, 'data': {'raw_term': 'IT Term 1', 'standard_term': 'IT Term 1', 'normalized_value': 'it term 1', 'term_type': 'acronym'}, 'error': None}
{'timestamp': '2026-06-09T07:06:28.938938+00:00', 'severity': 'INFO', 'endpoint': '/registry/terminology', 'query_string': None, 'data': {'raw_term': 'Building Term', 'standard_term': 'Building Term', 'normalized_value': 'building term', 'term_type': 'term'}, 'error': None}
{'timestamp': '2026-06-09T07:06:28.942737+00:00', 'severity': 'INFO', 'endpoint': '/registry/terminology', 'query_string': None, 'data': {'raw_term': 'IT Term 2', 'standard_term': 'IT Term 2', 'normalized_value': 'it term 2', 'term_type': 'acronym'}, 'error': None}
{'timestamp': '2026-06-09T07:06:28.945707+00:00', 'severity': 'INFO', 'endpoint': '/registry/terminology', 'query_string': None, 'data': None, 'error': None}
{'timestamp': '2026-06-09T07:06:28.963927+00:00', 'severity': 'INFO', 'endpoint': '/registry/terminology', 'query_string': None, 'data': {'raw_term': 'Machine Learning', 'standard_term': 'Machine Learning', 'normalized_value': 'machine learning', 'term_type': 'term'}, 'error': None}
{'timestamp': '2026-06-09T07:06:28.967101+00:00', 'severity': 'INFO', 'endpoint': '/registry/terminology', 'query_string': None, 'data': {'raw_term': 'Deep Learning', 'standard_term': 'Deep Learning', 'normalized_value': 'deep learning', 'term_type': 'term'}, 'error': None}
{'timestamp': '2026-06-09T07:06:28.969576+00:00', 'severity': 'INFO', 'endpoint': '/registry/terminology', 'query_string': None, 'data': {'raw_term': 'Other Concept', 'standard_term': 'Other Concept', 'normalized_value': 'other concept', 'term_type': 'term'}, 'error': None}
{'timestamp': '2026-06-09T07:06:28.972127+00:00', 'severity': 'INFO', 'endpoint': '/registry/terminology', 'query_string': None, 'data': None, 'error': None}
{'timestamp': '2026-06-09T07:06:28.991346+00:00', 'severity': 'INFO', 'endpoint': '/registry/terminology', 'query_string': None, 'data': {'raw_term': 'ML', 'standard_term': 'Machine Learning Acronym', 'normalized_value': 'ml', 'term_type': 'acronym'}, 'error': None}
{'timestamp': '2026-06-09T07:06:28.994902+00:00', 'severity': 'INFO', 'endpoint': '/registry/terminology', 'query_string': None, 'data': {'raw_term': 'AI', 'standard_term': 'Artificial Intelligence', 'normalized_value': 'ai', 'term_type': 'acronym'}, 'error': None}
{'timestamp': '2026-06-09T07:06:28.997335+00:00', 'severity': 'INFO', 'endpoint': '/registry/terminology', 'query_string': None, 'data': None, 'error': None}
{'timestamp': '2026-06-09T07:06:29.014690+00:00', 'severity': 'INFO', 'endpoint': '/registry/terminology', 'query_string': None, 'data': {'raw_term': 'ГОСТ', 'standard_term': 'ГОСТ', 'normalized_value': 'гост', 'term_type': 'standard_code', 'scope': ['Стандартизация', 'Судостроение'], 'synonyms': ['GOST']}, 'error': None}
{'timestamp': '2026-06-09T07:06:29.018365+00:00', 'severity': 'INFO', 'endpoint': '/registry/terminology', 'query_string': None, 'data': None, 'error': None}
{'timestamp': '2026-06-09T07:06:29.036493+00:00', 'severity': 'INFO', 'endpoint': '/registry/terminology', 'query_string': None, 'data': {'raw_term': 'Active Term', 'standard_term': 'Active Term', 'normalized_value': 'active term', 'term_type': 'term', 'is_blocked': False}, 'error': None}
{'timestamp': '2026-06-09T07:06:29.040503+00:00', 'severity': 'INFO', 'endpoint': '/registry/terminology', 'query_string': None, 'data': {'raw_term': 'Blocked Term', 'standard_term': 'Blocked Term', 'normalized_value': 'blocked term', 'term_type': 'term', 'is_blocked': True}, 'error': None}
{'timestamp': '2026-06-09T07:06:29.044059+00:00', 'severity': 'INFO', 'endpoint': '/registry/terminology', 'query_string': None, 'data': None, 'error': None}
{'timestamp': '2026-06-09T07:06:29.060856+00:00', 'severity': 'INFO', 'endpoint': '/registry/terminology', 'query_string': None, 'data': {'raw_term': 'Term 0', 'standard_term': 'Term 0', 'normalized_value': 'term 0', 'term_type': 'term'}, 'error': None}
{'timestamp': '2026-06-09T07:06:29.064124+00:00', 'severity': 'INFO', 'endpoint': '/registry/terminology', 'query_string': None, 'data': {'raw_term': 'Term 1', 'standard_term': 'Term 1', 'normalized_value': 'term 1', 'term_type': 'term'}, 'error': None}
{'timestamp': '2026-06-09T07:06:29.066380+00:00', 'severity': 'INFO', 'endpoint': '/registry/terminology', 'query_string': None, 'data': {'raw_term': 'Term 2', 'standard_term': 'Term 2', 'normalized_value': 'term 2', 'term_type': 'term'}, 'error': None}
{'timestamp': '2026-06-09T07:06:29.068503+00:00', 'severity': 'INFO', 'endpoint': '/registry/terminology', 'query_string': None, 'data': {'raw_term': 'Term 3', 'standard_term': 'Term 3', 'normalized_value': 'term 3', 'term_type': 'term'}, 'error': None}
{'timestamp': '2026-06-09T07:06:29.070796+00:00', 'severity': 'INFO', 'endpoint': '/registry/terminology', 'query_string': None, 'data': {'raw_term': 'Term 4', 'standard_term': 'Term 4', 'normalized_value': 'term 4', 'term_type': 'term'}, 'error': None}
{'timestamp': '2026-06-09T07:06:29.073277+00:00', 'severity': 'INFO', 'endpoint': '/registry/terminology', 'query_string': None, 'data': {'raw_term': 'Term 5', 'standard_term': 'Term 5', 'normalized_value': 'term 5', 'term_type': 'term'}, 'error': None}
{'timestamp': '2026-06-09T07:06:29.076406+00:00', 'severity': 'INFO', 'endpoint': '/registry/terminology', 'query_string': None, 'data': {'raw_term': 'Term 6', 'standard_term': 'Term 6', 'normalized_value': 'term 6', 'term_type': 'term'}, 'error': None}
{'timestamp': '2026-06-09T07:06:29.079188+00:00', 'severity': 'INFO', 'endpoint': '/registry/terminology', 'query_string': None, 'data': {'raw_term': 'Term 7', 'standard_term': 'Term 7', 'normalized_value': 'term 7', 'term_type': 'term'}, 'error': None}
{'timestamp': '2026-06-09T07:06:29.081632+00:00', 'severity': 'INFO', 'endpoint': '/registry/terminology', 'query_string': None, 'data': {'raw_term': 'Term 8', 'standard_term': 'Term 8', 'normalized_value': 'term 8', 'term_type': 'term'}, 'error': None}
{'timestamp': '2026-06-09T07:06:29.083868+00:00', 'severity': 'INFO', 'endpoint': '/registry/terminology', 'query_string': None, 'data': {'raw_term': 'Term 9', 'standard_term': 'Term 9', 'normalized_value': 'term 9', 'term_type': 'term'}, 'error': None}
{'timestamp': '2026-06-09T07:06:29.086190+00:00', 'severity': 'INFO', 'endpoint': '/registry/terminology', 'query_string': None, 'data': {'raw_term': 'Term 10', 'standard_term': 'Term 10', 'normalized_value': 'term 10', 'term_type': 'term'}, 'error': None}
{'timestamp': '2026-06-09T07:06:29.088839+00:00', 'severity': 'INFO', 'endpoint': '/registry/terminology', 'query_string': None, 'data': {'raw_term': 'Term 11', 'standard_term': 'Term 11', 'normalized_value': 'term 11', 'term_type': 'term'}, 'error': None}
{'timestamp': '2026-06-09T07:06:29.091800+00:00', 'severity': 'INFO', 'endpoint': '/registry/terminology', 'query_string': None, 'data': {'raw_term': 'Term 12', 'standard_term': 'Term 12', 'normalized_value': 'term 12', 'term_type': 'term'}, 'error': None}
{'timestamp': '2026-06-09T07:06:29.094892+00:00', 'severity': 'INFO', 'endpoint': '/registry/terminology', 'query_string': None, 'data': {'raw_term': 'Term 13', 'standard_term': 'Term 13', 'normalized_value': 'term 13', 'term_type': 'term'}, 'error': None}
{'timestamp': '2026-06-09T07:06:29.097361+00:00', 'severity': 'INFO', 'endpoint': '/registry/terminology', 'query_string': None, 'data': {'raw_term': 'Term 14', 'standard_term': 'Term 14', 'normalized_value': 'term 14', 'term_type': 'term'}, 'error': None}
{'timestamp': '2026-06-09T07:06:29.099902+00:00', 'severity': 'INFO', 'endpoint': '/registry/terminology', 'query_string': None, 'data': None, 'error': None}
{'timestamp': '2026-06-09T07:06:29.115840+00:00', 'severity': 'INFO', 'endpoint': '/registry/terminology', 'query_string': None, 'data': {'raw_term': 'Specific Term', 'standard_term': 'Specific Term', 'normalized_value': 'specific term', 'term_type': 'term'}, 'error': None}
{'timestamp': '2026-06-09T07:06:29.118876+00:00', 'severity': 'INFO', 'endpoint': '/registry/terminology/1', 'query_string': None, 'data': None, 'error': None}
{'timestamp': '2026-06-09T07:06:29.133687+00:00', 'severity': 'INFO', 'endpoint': '/registry/terminology/00000000-0000-0000-0000-000000000000', 'query_string': None, 'data': None, 'error': None}
{'timestamp': '2026-06-09T07:06:29.147963+00:00', 'severity': 'INFO', 'endpoint': '/registry/terminology', 'query_string': None, 'data': {'raw_term': 'Original Term', 'standard_term': 'Original Term', 'normalized_value': 'original term', 'term_type': 'term'}, 'error': None}
{'timestamp': '2026-06-09T07:06:29.151178+00:00', 'severity': 'INFO', 'endpoint': '/registry/terminology/1', 'query_string': None, 'data': {'standard_term': 'Updated Term'}, 'error': None}
{'timestamp': '2026-06-09T07:06:29.167583+00:00', 'severity': 'INFO', 'endpoint': '/registry/terminology/00000000-0000-0000-0000-000000000000', 'query_string': None, 'data': {'standard_term': 'Updated Term'}, 'error': None}
{'timestamp': '2026-06-09T07:06:29.183670+00:00', 'severity': 'INFO', 'endpoint': '/registry/terminology', 'query_string': None, 'data': {'raw_term': 'To Delete', 'standard_term': 'To Delete', 'normalized_value': 'to delete', 'term_type': 'term'}, 'error': None}
{'timestamp': '2026-06-09T07:06:29.187267+00:00', 'severity': 'INFO', 'endpoint': '/registry/terminology/1', 'query_string': None, 'data': None, 'error': None}
{'timestamp': '2026-06-09T07:06:29.190152+00:00', 'severity': 'INFO', 'endpoint': '/registry/terminology/1', 'query_string': None, 'data': None, 'error': None}
{'timestamp': '2026-06-09T07:06:29.205846+00:00', 'severity': 'INFO', 'endpoint': '/registry/terminology/00000000-0000-0000-0000-000000000000', 'query_string': None, 'data': None, 'error': None}
{'timestamp': '2026-06-09T07:06:29.220820+00:00', 'severity': 'INFO', 'endpoint': '/registry/terminology', 'query_string': None, 'data': {'raw_term': 'CPU', 'standard_term': 'CPU', 'normalized_value': 'cpu', 'term_type': 'acronym'}, 'error': None}
{'timestamp': '2026-06-09T07:06:29.224703+00:00', 'severity': 'INFO', 'endpoint': '/registry/terminology/normalize', 'query_string': None, 'data': None, 'error': None}
{'timestamp': '2026-06-09T07:06:29.240348+00:00', 'severity': 'INFO', 'endpoint': '/registry/terminology/normalize', 'query_string': None, 'data': None, 'error': None}
{'timestamp': '2026-06-09T07:06:29.254997+00:00', 'severity': 'INFO', 'endpoint': '/registry/terminology', 'query_string': None, 'data': {'raw_term': 'Patch Term', 'standard_term': 'Patch Term', 'normalized_value': 'patch term', 'term_type': 'term'}, 'error': None}
{'timestamp': '2026-06-09T07:06:29.259089+00:00', 'severity': 'INFO', 'endpoint': '/registry/terminology/1', 'query_string': None, 'data': {'definition': 'This is a patch test'}, 'error': None}
{'timestamp': '2026-06-09T07:06:29.274890+00:00', 'severity': 'INFO', 'endpoint': '/registry/terminology/import', 'query_string': None, 'data': None, 'error': None}
{'timestamp': '2026-06-09T07:51:28.300702+00:00', 'severity': 'INFO', 'endpoint': '/registry/classifiers', 'query_string': None, 'data': {'classifier_system': 'MKS', 'code': 'TEST_01', 'full_name': 'Test Classifier'}, 'error': None}
{'timestamp': '2026-06-09T07:51:28.320035+00:00', 'severity': 'INFO', 'endpoint': '/registry/classifiers', 'query_string': None, 'data': {'classifier_system': 'MKS', 'code': 'TEST_DUP', 'full_name': 'Test Classifier'}, 'error': None}
{'timestamp': '2026-06-09T07:51:28.323363+00:00', 'severity': 'INFO', 'endpoint': '/registry/classifiers', 'query_string': None, 'data': {'classifier_system': 'MKS', 'code': 'TEST_DUP', 'full_name': 'Test Classifier'}, 'error': None}
{'timestamp': '2026-06-09T07:51:28.336343+00:00', 'severity': 'INFO', 'endpoint': '/registry/classifiers', 'query_string': None, 'data': {'classifier_system': 'MKS', 'code': 'TEST_VAL'}, 'error': None}
{'timestamp': '2026-06-09T07:51:28.348085+00:00', 'severity': 'INFO', 'endpoint': '/registry/classifiers', 'query_string': None, 'data': {'classifier_system': 'MKS', 'code': 'TEST_02', 'full_name': 'Test 2'}, 'error': None}
{'timestamp': '2026-06-09T07:51:28.350988+00:00', 'severity': 'INFO', 'endpoint': '/registry/classifiers', 'query_string': None, 'data': {'classifier_system': 'OKSTU', 'code': 'TEST_03', 'full_name': 'Test 3'}, 'error': None}
{'timestamp': '2026-06-09T07:51:28.353870+00:00', 'severity': 'INFO', 'endpoint': '/registry/classifiers', 'query_string': None, 'data': None, 'error': None}
{'timestamp': '2026-06-09T07:51:28.370502+00:00', 'severity': 'INFO', 'endpoint': '/registry/classifiers', 'query_string': None, 'data': {'classifier_system': 'MKS', 'code': 'TEST_MKS', 'full_name': 'Test MKS'}, 'error': None}
{'timestamp': '2026-06-09T07:51:28.373186+00:00', 'severity': 'INFO', 'endpoint': '/registry/classifiers', 'query_string': None, 'data': {'classifier_system': 'OKSTU', 'code': 'TEST_OKSTU', 'full_name': 'Test OKSTU'}, 'error': None}
{'timestamp': '2026-06-09T07:51:28.375302+00:00', 'severity': 'INFO', 'endpoint': '/registry/classifiers', 'query_string': None, 'data': {'classifier_system': 'MKS', 'code': 'TEST_ACTIVE', 'full_name': 'Test Active', 'status': 'active'}, 'error': None}
{'timestamp': '2026-06-09T07:51:28.377547+00:00', 'severity': 'INFO', 'endpoint': '/registry/classifiers', 'query_string': None, 'data': None, 'error': None}
{'timestamp': '2026-06-09T07:51:28.381487+00:00', 'severity': 'INFO', 'endpoint': '/registry/classifiers', 'query_string': None, 'data': None, 'error': None}
{'timestamp': '2026-06-09T07:51:28.395749+00:00', 'severity': 'INFO', 'endpoint': '/registry/classifiers', 'query_string': None, 'data': {'classifier_system': 'MKS', 'code': 'TEST_SEARCH', 'full_name': 'Machine Learning Classifier'}, 'error': None}
{'timestamp': '2026-06-09T07:51:28.398696+00:00', 'severity': 'INFO', 'endpoint': '/registry/classifiers', 'query_string': None, 'data': {'classifier_system': 'MKS', 'code': 'TEST_OTHER', 'full_name': 'Other Classifier'}, 'error': None}
{'timestamp': '2026-06-09T07:51:28.401084+00:00', 'severity': 'INFO', 'endpoint': '/registry/classifiers', 'query_string': None, 'data': None, 'error': None}
{'timestamp': '2026-06-09T07:51:28.416750+00:00', 'severity': 'INFO', 'endpoint': '/registry/classifiers', 'query_string': None, 'data': {'classifier_system': 'MKS', 'code': 'TEST_PAGE_0', 'full_name': 'Test 0'}, 'error': None}
{'timestamp': '2026-06-09T07:51:28.419695+00:00', 'severity': 'INFO', 'endpoint': '/registry/classifiers', 'query_string': None, 'data': {'classifier_system': 'MKS', 'code': 'TEST_PAGE_1', 'full_name': 'Test 1'}, 'error': None}
{'timestamp': '2026-06-09T07:51:28.421852+00:00', 'severity': 'INFO', 'endpoint': '/registry/classifiers', 'query_string': None, 'data': {'classifier_system': 'MKS', 'code': 'TEST_PAGE_2', 'full_name': 'Test 2'}, 'error': None}
{'timestamp': '2026-06-09T07:51:28.423955+00:00', 'severity': 'INFO', 'endpoint': '/registry/classifiers', 'query_string': None, 'data': {'classifier_system': 'MKS', 'code': 'TEST_PAGE_3', 'full_name': 'Test 3'}, 'error': None}
{'timestamp': '2026-06-09T07:51:28.426160+00:00', 'severity': 'INFO', 'endpoint': '/registry/classifiers', 'query_string': None, 'data': {'classifier_system': 'MKS', 'code': 'TEST_PAGE_4', 'full_name': 'Test 4'}, 'error': None}
{'timestamp': '2026-06-09T07:51:28.428379+00:00', 'severity': 'INFO', 'endpoint': '/registry/classifiers', 'query_string': None, 'data': {'classifier_system': 'MKS', 'code': 'TEST_PAGE_5', 'full_name': 'Test 5'}, 'error': None}
{'timestamp': '2026-06-09T07:51:28.431162+00:00', 'severity': 'INFO', 'endpoint': '/registry/classifiers', 'query_string': None, 'data': {'classifier_system': 'MKS', 'code': 'TEST_PAGE_6', 'full_name': 'Test 6'}, 'error': None}
{'timestamp': '2026-06-09T07:51:28.433846+00:00', 'severity': 'INFO', 'endpoint': '/registry/classifiers', 'query_string': None, 'data': {'classifier_system': 'MKS', 'code': 'TEST_PAGE_7', 'full_name': 'Test 7'}, 'error': None}
{'timestamp': '2026-06-09T07:51:28.436299+00:00', 'severity': 'INFO', 'endpoint': '/registry/classifiers', 'query_string': None, 'data': {'classifier_system': 'MKS', 'code': 'TEST_PAGE_8', 'full_name': 'Test 8'}, 'error': None}
{'timestamp': '2026-06-09T07:51:28.438550+00:00', 'severity': 'INFO', 'endpoint': '/registry/classifiers', 'query_string': None, 'data': {'classifier_system': 'MKS', 'code': 'TEST_PAGE_9', 'full_name': 'Test 9'}, 'error': None}
{'timestamp': '2026-06-09T07:51:28.440858+00:00', 'severity': 'INFO', 'endpoint': '/registry/classifiers', 'query_string': None, 'data': {'classifier_system': 'MKS', 'code': 'TEST_PAGE_10', 'full_name': 'Test 10'}, 'error': None}
{'timestamp': '2026-06-09T07:51:28.443028+00:00', 'severity': 'INFO', 'endpoint': '/registry/classifiers', 'query_string': None, 'data': {'classifier_system': 'MKS', 'code': 'TEST_PAGE_11', 'full_name': 'Test 11'}, 'error': None}
{'timestamp': '2026-06-09T07:51:28.445605+00:00', 'severity': 'INFO', 'endpoint': '/registry/classifiers', 'query_string': None, 'data': {'classifier_system': 'MKS', 'code': 'TEST_PAGE_12', 'full_name': 'Test 12'}, 'error': None}
{'timestamp': '2026-06-09T07:51:28.448401+00:00', 'severity': 'INFO', 'endpoint': '/registry/classifiers', 'query_string': None, 'data': {'classifier_system': 'MKS', 'code': 'TEST_PAGE_13', 'full_name': 'Test 13'}, 'error': None}
{'timestamp': '2026-06-09T07:51:28.450878+00:00', 'severity': 'INFO', 'endpoint': '/registry/classifiers', 'query_string': None, 'data': {'classifier_system': 'MKS', 'code': 'TEST_PAGE_14', 'full_name': 'Test 14'}, 'error': None}
{'timestamp': '2026-06-09T07:51:28.453470+00:00', 'severity': 'INFO', 'endpoint': '/registry/classifiers', 'query_string': None, 'data': None, 'error': None}
{'timestamp': '2026-06-09T07:51:28.468852+00:00', 'severity': 'INFO', 'endpoint': '/registry/classifiers', 'query_string': None, 'data': {'classifier_system': 'MKS', 'code': 'TEST_03', 'full_name': 'Test 3'}, 'error': None}
{'timestamp': '2026-06-09T07:51:28.472102+00:00', 'severity': 'INFO', 'endpoint': '/registry/classifiers/TEST_03', 'query_string': None, 'data': None, 'error': None}
{'timestamp': '2026-06-09T07:51:28.485883+00:00', 'severity': 'INFO', 'endpoint': '/registry/classifiers/NONEXISTENT', 'query_string': None, 'data': None, 'error': None}
{'timestamp': '2026-06-09T07:51:28.499164+00:00', 'severity': 'INFO', 'endpoint': '/registry/classifiers', 'query_string': None, 'data': {'classifier_system': 'MKS', 'code': 'TEST_04', 'full_name': 'Test 4'}, 'error': None}
{'timestamp': '2026-06-09T07:51:28.502980+00:00', 'severity': 'INFO', 'endpoint': '/registry/classifiers/TEST_04', 'query_string': None, 'data': {'full_name': 'Updated Test 4'}, 'error': None}
{'timestamp': '2026-06-09T07:51:28.517741+00:00', 'severity': 'INFO', 'endpoint': '/registry/classifiers/NONEXISTENT', 'query_string': None, 'data': {'full_name': 'Updated Name'}, 'error': None}
{'timestamp': '2026-06-09T07:51:28.530958+00:00', 'severity': 'INFO', 'endpoint': '/registry/classifiers', 'query_string': None, 'data': {'classifier_system': 'MKS', 'code': 'TEST_05', 'full_name': 'Test 5'}, 'error': None}
{'timestamp': '2026-06-09T07:51:28.534218+00:00', 'severity': 'INFO', 'endpoint': '/registry/classifiers/TEST_05', 'query_string': None, 'data': None, 'error': None}
{'timestamp': '2026-06-09T07:51:28.541275+00:00', 'severity': 'INFO', 'endpoint': '/registry/classifiers/TEST_05', 'query_string': None, 'data': None, 'error': None}
{'timestamp': '2026-06-09T07:51:28.558342+00:00', 'severity': 'INFO', 'endpoint': '/registry/classifiers', 'query_string': None, 'data': {'classifier_system': 'MKS', 'code': 'PARENT', 'full_name': 'Parent'}, 'error': None}
{'timestamp': '2026-06-09T07:51:28.561235+00:00', 'severity': 'INFO', 'endpoint': '/registry/classifiers', 'query_string': None, 'data': {'classifier_system': 'MKS', 'code': 'CHILD', 'full_name': 'Child', 'parent_code': 'PARENT'}, 'error': None}
{'timestamp': '2026-06-09T07:51:28.563798+00:00', 'severity': 'INFO', 'endpoint': '/registry/classifiers/PARENT', 'query_string': None, 'data': None, 'error': None}
{'timestamp': '2026-06-09T07:51:28.565890+00:00', 'severity': 'INFO', 'endpoint': '/registry/classifiers/PARENT', 'query_string': None, 'data': None, 'error': None}
{'timestamp': '2026-06-09T07:51:28.579653+00:00', 'severity': 'INFO', 'endpoint': '/registry/classifiers/NONEXISTENT', 'query_string': None, 'data': None, 'error': None}
{'timestamp': '2026-06-09T07:51:28.592364+00:00', 'severity': 'INFO', 'endpoint': '/registry/classifiers', 'query_string': None, 'data': {'classifier_system': 'MKS', 'code': 'ROOT_1', 'full_name': 'Root Classifier'}, 'error': None}
{'timestamp': '2026-06-09T07:51:28.595267+00:00', 'severity': 'INFO', 'endpoint': '/registry/classifiers', 'query_string': None, 'data': {'classifier_system': 'MKS', 'code': 'CHILD_1', 'full_name': 'Child Classifier', 'parent_code': 'ROOT_1'}, 'error': None}
{'timestamp': '2026-06-09T07:51:28.597790+00:00', 'severity': 'INFO', 'endpoint': '/registry/classifiers', 'query_string': None, 'data': {'classifier_system': 'MKS', 'code': 'CHILD_2', 'full_name': 'Child 2', 'parent_code': 'ROOT_1'}, 'error': None}
{'timestamp': '2026-06-09T07:51:28.600667+00:00', 'severity': 'INFO', 'endpoint': '/registry/classifiers/tree', 'query_string': None, 'data': None, 'error': None}
{'timestamp': '2026-06-09T07:51:28.614186+00:00', 'severity': 'INFO', 'endpoint': '/registry/classifiers', 'query_string': None, 'data': {'classifier_system': 'MKS', 'code': 'ROOT_A', 'full_name': 'Root A'}, 'error': None}
{'timestamp': '2026-06-09T07:51:28.617258+00:00', 'severity': 'INFO', 'endpoint': '/registry/classifiers', 'query_string': None, 'data': {'classifier_system': 'MKS', 'code': 'ROOT_B', 'full_name': 'Root B'}, 'error': None}
{'timestamp': '2026-06-09T07:51:28.619651+00:00', 'severity': 'INFO', 'endpoint': '/registry/classifiers', 'query_string': None, 'data': {'classifier_system': 'MKS', 'code': 'CHILD_A', 'full_name': 'Child A', 'parent_code': 'ROOT_A'}, 'error': None}
{'timestamp': '2026-06-09T07:51:28.621903+00:00', 'severity': 'INFO', 'endpoint': '/registry/classifiers/tree', 'query_string': None, 'data': None, 'error': None}
{'timestamp': '2026-06-09T07:51:28.635743+00:00', 'severity': 'INFO', 'endpoint': '/registry/classifiers', 'query_string': None, 'data': {'classifier_system': 'MKS', 'code': 'ROOT_SEARCH', 'full_name': 'Machine Learning Root'}, 'error': None}
{'timestamp': '2026-06-09T07:51:28.638555+00:00', 'severity': 'INFO', 'endpoint': '/registry/classifiers', 'query_string': None, 'data': {'classifier_system': 'MKS', 'code': 'CHILD_SEARCH', 'full_name': 'ML Child', 'parent_code': 'ROOT_SEARCH'}, 'error': None}
{'timestamp': '2026-06-09T07:51:28.640801+00:00', 'severity': 'INFO', 'endpoint': '/registry/classifiers/tree', 'query_string': None, 'data': None, 'error': None}
{'timestamp': '2026-06-09T07:51:28.655193+00:00', 'severity': 'INFO', 'endpoint': '/registry/classifiers', 'query_string': None, 'data': {'classifier_system': 'MKS', 'code': 'TEST_PATCH', 'full_name': 'Original Name'}, 'error': None}
{'timestamp': '2026-06-09T07:51:28.658470+00:00', 'severity': 'INFO', 'endpoint': '/registry/classifiers/TEST_PATCH', 'query_string': None, 'data': {'full_name': 'Patched Name'}, 'error': None}
{'timestamp': '2026-06-09T07:51:28.672488+00:00', 'severity': 'INFO', 'endpoint': '/registry/classifiers/NONEXISTENT', 'query_string': None, 'data': {'full_name': 'Patched Name'}, 'error': None}
{'timestamp': '2026-06-09T07:51:28.687346+00:00', 'severity': 'INFO', 'endpoint': '/registry/classifiers/import', 'query_string': None, 'data': None, 'error': None}
{'timestamp': '2026-06-09T07:51:28.701490+00:00', 'severity': 'INFO', 'endpoint': '/registry/classifiers', 'query_string': None, 'data': {'classifier_system': 'MKS', 'code': 'PARENT_FILTER', 'full_name': 'Parent Filter'}, 'error': None}
{'timestamp': '2026-06-09T07:51:28.704813+00:00', 'severity': 'INFO', 'endpoint': '/registry/classifiers', 'query_string': None, 'data': {'classifier_system': 'MKS', 'code': 'CHILD_FILTER', 'full_name': 'Child Filter', 'parent_code': 'PARENT_FILTER'}, 'error': None}
{'timestamp': '2026-06-09T07:51:28.707001+00:00', 'severity': 'INFO', 'endpoint': '/registry/classifiers', 'query_string': None, 'data': {'classifier_system': 'MKS', 'code': 'ROOT_FILTER', 'full_name': 'Root Filter'}, 'error': None}
{'timestamp': '2026-06-09T07:51:28.709370+00:00', 'severity': 'INFO', 'endpoint': '/registry/classifiers', 'query_string': None, 'data': None, 'error': None}
{'timestamp': '2026-06-09T07:51:28.724890+00:00', 'severity': 'INFO', 'endpoint': '/registry/classifiers', 'query_string': None, 'data': {'classifier_system': 'MKS', 'code': 'H_ROOT', 'full_name': 'Hierarchical Root'}, 'error': None}
{'timestamp': '2026-06-09T07:51:28.727942+00:00', 'severity': 'INFO', 'endpoint': '/registry/classifiers', 'query_string': None, 'data': {'classifier_system': 'MKS', 'code': 'H_ROOT.CHILD1', 'full_name': 'Child 1', 'parent_code': 'H_ROOT'}, 'error': None}
{'timestamp': '2026-06-09T07:51:28.730891+00:00', 'severity': 'INFO', 'endpoint': '/registry/classifiers', 'query_string': None, 'data': {'classifier_system': 'MKS', 'code': 'H_ROOT.CHILD1.GRANDCHILD', 'full_name': 'Grandchild', 'parent_code': 'H_ROOT.CHILD1'}, 'error': None}
{'timestamp': '2026-06-09T07:51:28.733756+00:00', 'severity': 'INFO', 'endpoint': '/registry/classifiers/tree', 'query_string': None, 'data': None, 'error': None}
{'timestamp': '2026-06-09T07:51:28.748693+00:00', 'severity': 'INFO', 'endpoint': '/registry/classifiers', 'query_string': None, 'data': {'classifier_system': 'MKS', 'code': 'EFF_01', 'full_name': 'Effective Date Test', 'effective_date': '2026-06-08T00:00:00'}, 'error': None}
{'timestamp': '2026-06-09T07:51:28.764225+00:00', 'severity': 'INFO', 'endpoint': '/registry/classifiers', 'query_string': None, 'data': {'classifier_system': 'MKS', 'code': 'MKS_REF', 'full_name': 'Referenced Classifier'}, 'error': None}
{'timestamp': '2026-06-09T07:51:28.768020+00:00', 'severity': 'INFO', 'endpoint': '/registry/documents', 'query_string': None, 'data': {'title': 'Document Ref Test', 'doc_code': 'DOC_REF_01', 'mks_oks_code': 'MKS_REF'}, 'error': None}
{'timestamp': '2026-06-09T07:51:28.772183+00:00', 'severity': 'INFO', 'endpoint': '/registry/documents', 'query_string': None, 'data': {'doc_code': 'DOC_REF_01'}, 'error': 'Document created'}
{'timestamp': '2026-06-09T07:51:28.773981+00:00', 'severity': 'INFO', 'endpoint': '/registry/classifiers/MKS_REF', 'query_string': None, 'data': None, 'error': None}
{'timestamp': '2026-06-09T07:51:28.788923+00:00', 'severity': 'INFO', 'endpoint': '/registry/classifiers', 'query_string': None, 'data': {'classifier_system': 'MKS', 'code': '47.020', 'full_name': 'Parent Section'}, 'error': None}
{'timestamp': '2026-06-09T07:51:28.794032+00:00', 'severity': 'INFO', 'endpoint': '/registry/classifiers/pending', 'query_string': None, 'data': None, 'error': None}
{'timestamp': '2026-06-09T07:51:28.810843+00:00', 'severity': 'INFO', 'endpoint': '/registry/enums', 'query_string': None, 'data': None, 'error': None}
{'timestamp': '2026-06-09T07:51:28.825586+00:00', 'severity': 'INFO', 'endpoint': '/registry/enums', 'query_string': None, 'data': None, 'error': None}
{'timestamp': '2026-06-09T07:51:28.839493+00:00', 'severity': 'INFO', 'endpoint': '/registry/stats', 'query_string': None, 'data': None, 'error': None}
{'timestamp': '2026-06-09T07:51:28.860483+00:00', 'severity': 'INFO', 'endpoint': '/registry/classifiers', 'query_string': None, 'data': {'classifier_system': 'MKS', 'code': 'STATS_01', 'full_name': 'Stats Classifier'}, 'error': None}
{'timestamp': '2026-06-09T07:51:28.863767+00:00', 'severity': 'INFO', 'endpoint': '/registry/classifiers', 'query_string': None, 'data': {'classifier_system': 'MKS', 'code': 'STATS_02', 'full_name': 'Stats Classifier 2'}, 'error': None}
{'timestamp': '2026-06-09T07:51:28.866697+00:00', 'severity': 'INFO', 'endpoint': '/registry/terminology', 'query_string': None, 'data': {'raw_term': 'Stats Term', 'standard_term': 'Stats Term', 'normalized_value': 'stats term', 'term_type': 'term'}, 'error': None}
{'timestamp': '2026-06-09T07:51:28.871080+00:00', 'severity': 'INFO', 'endpoint': '/registry/documents', 'query_string': None, 'data': {'title': 'Stats Document', 'status': 'draft', 'classifier_system': 'MKS'}, 'error': None}
{'timestamp': '2026-06-09T07:51:28.872432+00:00', 'severity': 'INFO', 'endpoint': '/registry/documents', 'query_string': None, 'data': {'doc_code': 'STATS-DOCUMENT'}, 'error': 'Document created'}
{'timestamp': '2026-06-09T07:51:28.873911+00:00', 'severity': 'INFO', 'endpoint': '/registry/documents', 'query_string': None, 'data': {'title': 'Stats Document 2', 'status': 'approved', 'classifier_system': 'MKS'}, 'error': None}
{'timestamp': '2026-06-09T07:51:28.875324+00:00', 'severity': 'INFO', 'endpoint': '/registry/documents', 'query_string': None, 'data': {'doc_code': 'STATS-DOCUMENT-2'}, 'error': 'Document created'}
{'timestamp': '2026-06-09T07:51:28.876713+00:00', 'severity': 'INFO', 'endpoint': '/registry/stats', 'query_string': None, 'data': None, 'error': None}
{'timestamp': '2026-06-09T07:51:28.891853+00:00', 'severity': 'INFO', 'endpoint': '/registry/documents', 'query_string': None, 'data': {'title': 'Draft Doc Status', 'status': 'draft', 'classifier_system': 'MKS'}, 'error': None}
{'timestamp': '2026-06-09T07:51:28.893567+00:00', 'severity': 'INFO', 'endpoint': '/registry/documents', 'query_string': None, 'data': {'doc_code': 'DRAFT-DOC-STATUS'}, 'error': 'Document created'}
{'timestamp': '2026-06-09T07:51:28.895199+00:00', 'severity': 'INFO', 'endpoint': '/registry/documents', 'query_string': None, 'data': {'title': 'Draft Doc Status 2', 'status': 'draft', 'classifier_system': 'MKS'}, 'error': None}
{'timestamp': '2026-06-09T07:51:28.896572+00:00', 'severity': 'INFO', 'endpoint': '/registry/documents', 'query_string': None, 'data': {'doc_code': 'DRAFT-DOC-STATUS-2'}, 'error': 'Document created'}
{'timestamp': '2026-06-09T07:51:28.898062+00:00', 'severity': 'INFO', 'endpoint': '/registry/documents', 'query_string': None, 'data': {'title': 'Approved Doc Status', 'status': 'approved', 'classifier_system': 'MKS'}, 'error': None}
{'timestamp': '2026-06-09T07:51:28.899395+00:00', 'severity': 'INFO', 'endpoint': '/registry/documents', 'query_string': None, 'data': {'doc_code': 'APPROVED-DOC-STATUS'}, 'error': 'Document created'}
{'timestamp': '2026-06-09T07:51:28.900855+00:00', 'severity': 'INFO', 'endpoint': '/registry/documents', 'query_string': None, 'data': {'title': 'Processing Doc Status', 'status': 'processing', 'classifier_system': 'MKS'}, 'error': None}
{'timestamp': '2026-06-09T07:51:28.902027+00:00', 'severity': 'INFO', 'endpoint': '/registry/documents', 'query_string': None, 'data': {'doc_code': 'PROCESSING-DOC-STATUS'}, 'error': 'Document created'}
{'timestamp': '2026-06-09T07:51:28.903429+00:00', 'severity': 'INFO', 'endpoint': '/registry/stats', 'query_string': None, 'data': None, 'error': None}
{'timestamp': '2026-06-09T07:51:28.919228+00:00', 'severity': 'INFO', 'endpoint': '/registry/documents', 'query_string': None, 'data': {'title': 'Test Document', 'doc_code': 'DOC-123', 'status': 'draft', 'classifier_system': 'MKS', 'mks_oks_code': '01.01.01'}, 'error': None}
{'timestamp': '2026-06-09T07:51:28.921891+00:00', 'severity': 'INFO', 'endpoint': '/registry/documents', 'query_string': None, 'data': {'doc_code': 'DOC-123'}, 'error': 'Document created'}
{'timestamp': '2026-06-09T07:51:28.935601+00:00', 'severity': 'INFO', 'endpoint': '/registry/classifiers', 'query_string': None, 'data': {'classifier_system': 'MKS', 'code': 'CLS_001', 'full_name': 'Test Classifier'}, 'error': None}
{'timestamp': '2026-06-09T07:51:28.938824+00:00', 'severity': 'INFO', 'endpoint': '/registry/documents', 'query_string': None, 'data': {'title': 'Document with Classifier', 'doc_code': 'DOC-CLS', 'classifier_system': 'MKS', 'mks_oks_code': 'CLS_001'}, 'error': None}
{'timestamp': '2026-06-09T07:51:28.940257+00:00', 'severity': 'INFO', 'endpoint': '/registry/documents', 'query_string': None, 'data': {'doc_code': 'DOC-CLS'}, 'error': 'Document created'}
{'timestamp': '2026-06-09T07:51:28.953720+00:00', 'severity': 'INFO', 'endpoint': '/registry/documents', 'query_string': None, 'data': {'doc_code': 'DOC-VAL'}, 'error': None}
{'timestamp': '2026-06-09T07:51:28.954045+00:00', 'severity': 'WARNING', 'endpoint': '/registry/documents', 'query_string': None, 'data': {'doc_code': 'DOC-VAL'}, 'error': 'Missing required fields'}
{'timestamp': '2026-06-09T07:51:28.967862+00:00', 'severity': 'INFO', 'endpoint': '/registry/documents', 'query_string': None, 'data': {'title': 'Doc 1', 'classifier_system': 'MKS'}, 'error': None}
{'timestamp': '2026-06-09T07:51:28.970063+00:00', 'severity': 'INFO', 'endpoint': '/registry/documents', 'query_string': None, 'data': {'doc_code': 'DOC-1'}, 'error': 'Document created'}
{'timestamp': '2026-06-09T07:51:28.971860+00:00', 'severity': 'INFO', 'endpoint': '/registry/documents', 'query_string': None, 'data': {'title': 'Doc 2', 'classifier_system': 'MKS'}, 'error': None}
{'timestamp': '2026-06-09T07:51:28.973178+00:00', 'severity': 'INFO', 'endpoint': '/registry/documents', 'query_string': None, 'data': {'doc_code': 'DOC-2'}, 'error': 'Document created'}
{'timestamp': '2026-06-09T07:51:28.975257+00:00', 'severity': 'INFO', 'endpoint': '/registry/documents', 'query_string': None, 'data': None, 'error': None}
{'timestamp': '2026-06-09T07:51:28.993087+00:00', 'severity': 'INFO', 'endpoint': '/registry/documents', 'query_string': None, 'data': {'title': 'Draft Doc', 'status': 'draft', 'classifier_system': 'MKS'}, 'error': None}
{'timestamp': '2026-06-09T07:51:28.995311+00:00', 'severity': 'INFO', 'endpoint': '/registry/documents', 'query_string': None, 'data': {'doc_code': 'DRAFT-DOC'}, 'error': 'Document created'}
{'timestamp': '2026-06-09T07:51:28.997260+00:00', 'severity': 'INFO', 'endpoint': '/registry/documents', 'query_string': None, 'data': {'title': 'Active Doc', 'status': 'active', 'classifier_system': 'MKS'}, 'error': None}
{'timestamp': '2026-06-09T07:51:28.998851+00:00', 'severity': 'INFO', 'endpoint': '/registry/documents', 'query_string': None, 'data': {'doc_code': 'ACTIVE-DOC'}, 'error': 'Document created'}
{'timestamp': '2026-06-09T07:51:29.001721+00:00', 'severity': 'INFO', 'endpoint': '/registry/documents', 'query_string': None, 'data': None, 'error': None}
{'timestamp': '2026-06-09T07:51:29.021580+00:00', 'severity': 'INFO', 'endpoint': '/registry/documents', 'query_string': None, 'data': {'title': 'Machine Learning Document', 'classifier_system': 'MKS'}, 'error': None}
{'timestamp': '2026-06-09T07:51:29.023519+00:00', 'severity': 'INFO', 'endpoint': '/registry/documents', 'query_string': None, 'data': {'doc_code': 'MACHINE-LEARNING-DOCUMENT'}, 'error': 'Document created'}
{'timestamp': '2026-06-09T07:51:29.025387+00:00', 'severity': 'INFO', 'endpoint': '/registry/documents', 'query_string': None, 'data': None, 'error': None}
{'timestamp': '2026-06-09T07:51:29.044265+00:00', 'severity': 'INFO', 'endpoint': '/registry/classifiers', 'query_string': None, 'data': {'classifier_system': 'MKS', 'code': 'CLS_FILTER', 'full_name': 'Filter Classifier'}, 'error': None}
{'timestamp': '2026-06-09T07:51:29.048005+00:00', 'severity': 'INFO', 'endpoint': '/registry/documents', 'query_string': None, 'data': {'title': 'Doc 1', 'classifier_system': 'MKS', 'mks_oks_code': 'CLS_FILTER'}, 'error': None}
{'timestamp': '2026-06-09T07:51:29.049698+00:00', 'severity': 'INFO', 'endpoint': '/registry/documents', 'query_string': None, 'data': {'doc_code': 'DOC-1'}, 'error': 'Document created'}
{'timestamp': '2026-06-09T07:51:29.051596+00:00', 'severity': 'INFO', 'endpoint': '/registry/documents', 'query_string': None, 'data': None, 'error': None}
{'timestamp': '2026-06-09T07:51:29.068072+00:00', 'severity': 'INFO', 'endpoint': '/registry/documents', 'query_string': None, 'data': {'title': 'Doc 0', 'classifier_system': 'MKS'}, 'error': None}
{'timestamp': '2026-06-09T07:51:29.070433+00:00', 'severity': 'INFO', 'endpoint': '/registry/documents', 'query_string': None, 'data': {'doc_code': 'DOC-0'}, 'error': 'Document created'}
{'timestamp': '2026-06-09T07:51:29.072038+00:00', 'severity': 'INFO', 'endpoint': '/registry/documents', 'query_string': None, 'data': {'title': 'Doc 1', 'classifier_system': 'MKS'}, 'error': None}
{'timestamp': '2026-06-09T07:51:29.073365+00:00', 'severity': 'INFO', 'endpoint': '/registry/documents', 'query_string': None, 'data': {'doc_code': 'DOC-1'}, 'error': 'Document created'}
{'timestamp': '2026-06-09T07:51:29.075052+00:00', 'severity': 'INFO', 'endpoint': '/registry/documents', 'query_string': None, 'data': {'title': 'Doc 2', 'classifier_system': 'MKS'}, 'error': None}
{'timestamp': '2026-06-09T07:51:29.076290+00:00', 'severity': 'INFO', 'endpoint': '/registry/documents', 'query_string': None, 'data': {'doc_code': 'DOC-2'}, 'error': 'Document created'}
{'timestamp': '2026-06-09T07:51:29.078657+00:00', 'severity': 'INFO', 'endpoint': '/registry/documents', 'query_string': None, 'data': {'title': 'Doc 3', 'classifier_system': 'MKS'}, 'error': None}
{'timestamp': '2026-06-09T07:51:29.080236+00:00', 'severity': 'INFO', 'endpoint': '/registry/documents', 'query_string': None, 'data': {'doc_code': 'DOC-3'}, 'error': 'Document created'}
{'timestamp': '2026-06-09T07:51:29.081852+00:00', 'severity': 'INFO', 'endpoint': '/registry/documents', 'query_string': None, 'data': {'title': 'Doc 4', 'classifier_system': 'MKS'}, 'error': None}
{'timestamp': '2026-06-09T07:51:29.083120+00:00', 'severity': 'INFO', 'endpoint': '/registry/documents', 'query_string': None, 'data': {'doc_code': 'DOC-4'}, 'error': 'Document created'}
{'timestamp': '2026-06-09T07:51:29.084739+00:00', 'severity': 'INFO', 'endpoint': '/registry/documents', 'query_string': None, 'data': {'title': 'Doc 5', 'classifier_system': 'MKS'}, 'error': None}
{'timestamp': '2026-06-09T07:51:29.086049+00:00', 'severity': 'INFO', 'endpoint': '/registry/documents', 'query_string': None, 'data': {'doc_code': 'DOC-5'}, 'error': 'Document created'}
{'timestamp': '2026-06-09T07:51:29.087579+00:00', 'severity': 'INFO', 'endpoint': '/registry/documents', 'query_string': None, 'data': {'title': 'Doc 6', 'classifier_system': 'MKS'}, 'error': None}
{'timestamp': '2026-06-09T07:51:29.088826+00:00', 'severity': 'INFO', 'endpoint': '/registry/documents', 'query_string': None, 'data': {'doc_code': 'DOC-6'}, 'error': 'Document created'}
{'timestamp': '2026-06-09T07:51:29.090466+00:00', 'severity': 'INFO', 'endpoint': '/registry/documents', 'query_string': None, 'data': {'title': 'Doc 7', 'classifier_system': 'MKS'}, 'error': None}
{'timestamp': '2026-06-09T07:51:29.092903+00:00', 'severity': 'INFO', 'endpoint': '/registry/documents', 'query_string': None, 'data': {'doc_code': 'DOC-7'}, 'error': 'Document created'}
{'timestamp': '2026-06-09T07:51:29.095148+00:00', 'severity': 'INFO', 'endpoint': '/registry/documents', 'query_string': None, 'data': {'title': 'Doc 8', 'classifier_system': 'MKS'}, 'error': None}
{'timestamp': '2026-06-09T07:51:29.097429+00:00', 'severity': 'INFO', 'endpoint': '/registry/documents', 'query_string': None, 'data': {'doc_code': 'DOC-8'}, 'error': 'Document created'}
{'timestamp': '2026-06-09T07:51:29.099528+00:00', 'severity': 'INFO', 'endpoint': '/registry/documents', 'query_string': None, 'data': {'title': 'Doc 9', 'classifier_system': 'MKS'}, 'error': None}
{'timestamp': '2026-06-09T07:51:29.101137+00:00', 'severity': 'INFO', 'endpoint': '/registry/documents', 'query_string': None, 'data': {'doc_code': 'DOC-9'}, 'error': 'Document created'}
{'timestamp': '2026-06-09T07:51:29.102964+00:00', 'severity': 'INFO', 'endpoint': '/registry/documents', 'query_string': None, 'data': {'title': 'Doc 10', 'classifier_system': 'MKS'}, 'error': None}
{'timestamp': '2026-06-09T07:51:29.104767+00:00', 'severity': 'INFO', 'endpoint': '/registry/documents', 'query_string': None, 'data': {'doc_code': 'DOC-10'}, 'error': 'Document created'}
{'timestamp': '2026-06-09T07:51:29.106664+00:00', 'severity': 'INFO', 'endpoint': '/registry/documents', 'query_string': None, 'data': {'title': 'Doc 11', 'classifier_system': 'MKS'}, 'error': None}
{'timestamp': '2026-06-09T07:51:29.108536+00:00', 'severity': 'INFO', 'endpoint': '/registry/documents', 'query_string': None, 'data': {'doc_code': 'DOC-11'}, 'error': 'Document created'}
{'timestamp': '2026-06-09T07:51:29.110338+00:00', 'severity': 'INFO', 'endpoint': '/registry/documents', 'query_string': None, 'data': {'title': 'Doc 12', 'classifier_system': 'MKS'}, 'error': None}
{'timestamp': '2026-06-09T07:51:29.112251+00:00', 'severity': 'INFO', 'endpoint': '/registry/documents', 'query_string': None, 'data': {'doc_code': 'DOC-12'}, 'error': 'Document created'}
{'timestamp': '2026-06-09T07:51:29.114136+00:00', 'severity': 'INFO', 'endpoint': '/registry/documents', 'query_string': None, 'data': {'title': 'Doc 13', 'classifier_system': 'MKS'}, 'error': None}
{'timestamp': '2026-06-09T07:51:29.115708+00:00', 'severity': 'INFO', 'endpoint': '/registry/documents', 'query_string': None, 'data': {'doc_code': 'DOC-13'}, 'error': 'Document created'}
{'timestamp': '2026-06-09T07:51:29.117550+00:00', 'severity': 'INFO', 'endpoint': '/registry/documents', 'query_string': None, 'data': {'title': 'Doc 14', 'classifier_system': 'MKS'}, 'error': None}
{'timestamp': '2026-06-09T07:51:29.119208+00:00', 'severity': 'INFO', 'endpoint': '/registry/documents', 'query_string': None, 'data': {'doc_code': 'DOC-14'}, 'error': 'Document created'}
{'timestamp': '2026-06-09T07:51:29.121191+00:00', 'severity': 'INFO', 'endpoint': '/registry/documents', 'query_string': None, 'data': None, 'error': None}
{'timestamp': '2026-06-09T07:51:29.137215+00:00', 'severity': 'INFO', 'endpoint': '/registry/documents', 'query_string': None, 'data': {'title': 'Doc 2', 'classifier_system': 'MKS'}, 'error': None}
{'timestamp': '2026-06-09T07:51:29.139152+00:00', 'severity': 'INFO', 'endpoint': '/registry/documents', 'query_string': None, 'data': {'doc_code': 'DOC-2'}, 'error': 'Document created'}
{'timestamp': '2026-06-09T07:51:29.141112+00:00', 'severity': 'INFO', 'endpoint': '/registry/documents/1', 'query_string': None, 'data': None, 'error': None}
{'timestamp': '2026-06-09T07:51:29.155984+00:00', 'severity': 'INFO', 'endpoint': '/registry/documents/00000000-0000-0000-0000-000000000000', 'query_string': None, 'data': None, 'error': None}
{'timestamp': '2026-06-09T07:51:29.156246+00:00', 'severity': 'WARNING', 'endpoint': '/registry/documents/00000000-0000-0000-0000-000000000000', 'query_string': None, 'data': None, 'error': 'Document not found'}
{'timestamp': '2026-06-09T07:51:29.170505+00:00', 'severity': 'INFO', 'endpoint': '/registry/documents', 'query_string': None, 'data': {'title': 'Doc 3', 'classifier_system': 'MKS'}, 'error': None}
{'timestamp': '2026-06-09T07:51:29.172298+00:00', 'severity': 'INFO', 'endpoint': '/registry/documents', 'query_string': None, 'data': {'doc_code': 'DOC-3'}, 'error': 'Document created'}
{'timestamp': '2026-06-09T07:51:29.174246+00:00', 'severity': 'INFO', 'endpoint': '/registry/documents/1', 'query_string': None, 'data': {'title': 'Updated Doc 3'}, 'error': None}
{'timestamp': '2026-06-09T07:51:29.175727+00:00', 'severity': 'INFO', 'endpoint': '/registry/documents/1', 'query_string': None, 'data': {'title': 'Updated Doc 3'}, 'error': 'Document updated'}
{'timestamp': '2026-06-09T07:51:29.189276+00:00', 'severity': 'INFO', 'endpoint': '/registry/documents/00000000-0000-0000-0000-000000000000', 'query_string': None, 'data': {'title': 'Updated'}, 'error': None}
{'timestamp': '2026-06-09T07:51:29.189582+00:00', 'severity': 'WARNING', 'endpoint': '/registry/documents/00000000-0000-0000-0000-000000000000', 'query_string': None, 'data': None, 'error': 'Document not found'}
{'timestamp': '2026-06-09T07:51:29.204061+00:00', 'severity': 'INFO', 'endpoint': '/registry/documents', 'query_string': None, 'data': {'title': 'Doc 4', 'classifier_system': 'MKS'}, 'error': None}
{'timestamp': '2026-06-09T07:51:29.205874+00:00', 'severity': 'INFO', 'endpoint': '/registry/documents', 'query_string': None, 'data': {'doc_code': 'DOC-4'}, 'error': 'Document created'}
{'timestamp': '2026-06-09T07:51:29.207618+00:00', 'severity': 'INFO', 'endpoint': '/registry/documents/1', 'query_string': None, 'data': None, 'error': None}
{'timestamp': '2026-06-09T07:51:29.208551+00:00', 'severity': 'INFO', 'endpoint': '/registry/documents/1', 'query_string': None, 'data': None, 'error': 'Document deleted'}
{'timestamp': '2026-06-09T07:51:29.209802+00:00', 'severity': 'INFO', 'endpoint': '/registry/documents/1', 'query_string': None, 'data': None, 'error': None}
{'timestamp': '2026-06-09T07:51:29.210255+00:00', 'severity': 'WARNING', 'endpoint': '/registry/documents/1', 'query_string': None, 'data': None, 'error': 'Document not found'}
{'timestamp': '2026-06-09T07:51:29.223027+00:00', 'severity': 'INFO', 'endpoint': '/registry/documents/00000000-0000-0000-0000-000000000000', 'query_string': None, 'data': None, 'error': None}
{'timestamp': '2026-06-09T07:51:29.223322+00:00', 'severity': 'WARNING', 'endpoint': '/registry/documents/00000000-0000-0000-0000-000000000000', 'query_string': None, 'data': None, 'error': 'Document not found'}
{'timestamp': '2026-06-09T07:51:29.236172+00:00', 'severity': 'INFO', 'endpoint': '/registry/documents', 'query_string': None, 'data': {'title': 'Doc Patch Status', 'classifier_system': 'MKS', 'status': 'draft'}, 'error': None}
{'timestamp': '2026-06-09T07:51:29.237833+00:00', 'severity': 'INFO', 'endpoint': '/registry/documents', 'query_string': None, 'data': {'doc_code': 'DOC-PATCH-STATUS'}, 'error': 'Document created'}
{'timestamp': '2026-06-09T07:51:29.239732+00:00', 'severity': 'INFO', 'endpoint': '/registry/documents/1/status', 'query_string': None, 'data': {'status': 'uploaded', 'comment': 'moving to uploaded', 'changed_by': 'test_user'}, 'error': None}
{'timestamp': '2026-06-09T07:51:29.242563+00:00', 'severity': 'INFO', 'endpoint': '/registry/documents/1/status', 'query_string': None, 'data': {'status': 'uploaded', 'comment': 'moving to uploaded', 'changed_by': 'test_user'}, 'error': 'Document status updated'}
{'timestamp': '2026-06-09T07:51:29.244314+00:00', 'severity': 'INFO', 'endpoint': '/registry/documents/1/status', 'query_string': None, 'data': {'status': 'approved'}, 'error': None}
{'timestamp': '2026-06-09T07:51:29.246321+00:00', 'severity': 'INFO', 'endpoint': '/registry/documents/1/status', 'query_string': None, 'data': {'status': 'unknown_status'}, 'error': None}
{'timestamp': '2026-06-09T07:51:29.260064+00:00', 'severity': 'INFO', 'endpoint': '/registry/documents/00000000-0000-0000-0000-000000000000/status', 'query_string': None, 'data': {'status': 'approved'}, 'error': None}
{'timestamp': '2026-06-09T07:51:29.272560+00:00', 'severity': 'INFO', 'endpoint': '/registry/documents', 'query_string': None, 'data': {'title': 'Export Doc 1', 'classifier_system': 'MKS'}, 'error': None}
{'timestamp': '2026-06-09T07:51:29.274397+00:00', 'severity': 'INFO', 'endpoint': '/registry/documents', 'query_string': None, 'data': {'doc_code': 'EXPORT-DOC-1'}, 'error': 'Document created'}
{'timestamp': '2026-06-09T07:51:29.276183+00:00', 'severity': 'INFO', 'endpoint': '/registry/documents/export', 'query_string': None, 'data': None, 'error': None}
{'timestamp': '2026-06-09T07:51:29.289633+00:00', 'severity': 'INFO', 'endpoint': '/registry/documents/import', 'query_string': None, 'data': None, 'error': None}
{'timestamp': '2026-06-09T07:51:29.302685+00:00', 'severity': 'INFO', 'endpoint': '/registry/documents', 'query_string': None, 'data': {'title': 'History Doc', 'classifier_system': 'MKS'}, 'error': None}
{'timestamp': '2026-06-09T07:51:29.304703+00:00', 'severity': 'INFO', 'endpoint': '/registry/documents', 'query_string': None, 'data': {'doc_code': 'HISTORY-DOC'}, 'error': 'Document created'}
{'timestamp': '2026-06-09T07:51:29.306530+00:00', 'severity': 'INFO', 'endpoint': '/registry/documents/1/history', 'query_string': None, 'data': None, 'error': None}
{'timestamp': '2026-06-09T07:51:29.320472+00:00', 'severity': 'INFO', 'endpoint': '/registry/documents', 'query_string': None, 'data': {'title': 'Succession Doc', 'classifier_system': 'MKS'}, 'error': None}
{'timestamp': '2026-06-09T07:51:29.322083+00:00', 'severity': 'INFO', 'endpoint': '/registry/documents', 'query_string': None, 'data': {'doc_code': 'SUCCESSION-DOC'}, 'error': 'Document created'}
{'timestamp': '2026-06-09T07:51:29.323836+00:00', 'severity': 'INFO', 'endpoint': '/registry/documents/1/succession', 'query_string': None, 'data': None, 'error': None}
{'timestamp': '2026-06-09T07:51:29.337072+00:00', 'severity': 'INFO', 'endpoint': '/registry/documents', 'query_string': None, 'data': {'document': {'metadata': {'title': 'Pipeline Test Doc', 'doc_code': 'PL-001', 'source_type': 'GOST', 'mks_oks_code': '01.01.01', 'era': 'RF', 'status': 'uploaded'}, 'source': {'file_hash_sha256': 'abcdef1234567890abcdef1234567890abcdef1234567890abcdef1234567890'}, 'content': [{'clause': '1', 'title': 'Introduction', 'level': 1, 'type': 'text', 'content': 'This is a pipeline section'}], 'terminology': [{'term': 'PipelineTerm', 'normalized_term': 'pipelineterm', 'definition': 'A term created via pipeline'}], 'references': [{'target_doc_code': 'REF-001', 'type': 'replaces', 'context': 'replaces some older doc', 'current_status': 'active'}]}}, 'error': None}
{'timestamp': '2026-06-09T07:51:29.344391+00:00', 'severity': 'INFO', 'endpoint': '/registry/documents', 'query_string': None, 'data': {'document': {'metadata': {'title': 'Pipeline Test Doc', 'doc_code': 'PL-001', 'source_type': 'GOST', 'mks_oks_code': '01.01.01', 'era': 'RF', 'status': 'uploaded'}, 'source': {'file_hash_sha256': 'abcdef1234567890abcdef1234567890abcdef1234567890abcdef1234567890'}, 'content': [{'clause': '1', 'title': 'Introduction', 'level': 1, 'type': 'text', 'content': 'This is a pipeline section'}], 'terminology': [{'term': 'PipelineTerm', 'normalized_term': 'pipelineterm', 'definition': 'A term created via pipeline'}], 'references': [{'target_doc_code': 'REF-001', 'type': 'replaces', 'context': 'replaces some older doc', 'current_status': 'active'}]}}, 'error': None}
{'timestamp': '2026-06-09T07:51:29.359721+00:00', 'severity': 'INFO', 'endpoint': '/registry/documents', 'query_string': None, 'data': {'title': 'Filtered Doc Alpha', 'doc_code': 'FDA-01', 'classifier_system': 'MKS', 'era': 'USSR', 'source_type': 'GOST_R', 'validity_status': 'superseded', 'jurisdiction': 'RU'}, 'error': None}
{'timestamp': '2026-06-09T07:51:29.361485+00:00', 'severity': 'INFO', 'endpoint': '/registry/documents', 'query_string': None, 'data': {'doc_code': 'FDA-01'}, 'error': 'Document created'}
{'timestamp': '2026-06-09T07:51:29.363327+00:00', 'severity': 'INFO', 'endpoint': '/registry/documents', 'query_string': None, 'data': None, 'error': None}
{'timestamp': '2026-06-09T07:51:29.399511+00:00', 'severity': 'INFO', 'endpoint': '/registry/documents', 'query_string': None, 'data': {'title': 'Unique Doc', 'doc_code': 'UNQ-1', 'era': 'RF', 'status': 'approved'}, 'error': None}
{'timestamp': '2026-06-09T07:51:29.401389+00:00', 'severity': 'INFO', 'endpoint': '/registry/documents', 'query_string': None, 'data': {'doc_code': 'UNQ-1'}, 'error': 'Document created'}
{'timestamp': '2026-06-09T07:51:29.403236+00:00', 'severity': 'INFO', 'endpoint': '/registry/documents/check-uniqueness', 'query_string': None, 'data': {'title': 'Unique Doc', 'doc_code': 'UNQ-1', 'era': 'RF'}, 'error': None}
{'timestamp': '2026-06-09T07:51:29.418684+00:00', 'severity': 'INFO', 'endpoint': '/registry/documents', 'query_string': None, 'data': {'title': 'Sections Doc'}, 'error': None}
{'timestamp': '2026-06-09T07:51:29.420392+00:00', 'severity': 'INFO', 'endpoint': '/registry/documents', 'query_string': None, 'data': {'doc_code': 'SECTIONS-DOC'}, 'error': 'Document created'}
{'timestamp': '2026-06-09T07:51:29.422048+00:00', 'severity': 'INFO', 'endpoint': '/registry/documents/1/sections', 'query_string': None, 'data': None, 'error': None}
{'timestamp': '2026-06-09T07:51:29.437617+00:00', 'severity': 'INFO', 'endpoint': '/registry/documents', 'query_string': None, 'data': {'title': 'History Doc'}, 'error': None}
{'timestamp': '2026-06-09T07:51:29.439213+00:00', 'severity': 'INFO', 'endpoint': '/registry/documents', 'query_string': None, 'data': {'doc_code': 'HISTORY-DOC'}, 'error': 'Document created'}
{'timestamp': '2026-06-09T07:51:29.441044+00:00', 'severity': 'INFO', 'endpoint': '/registry/documents/1/history', 'query_string': None, 'data': None, 'error': None}
{'timestamp': '2026-06-09T07:51:29.454934+00:00', 'severity': 'INFO', 'endpoint': '/registry/documents', 'query_string': None, 'data': {'title': 'Pred', 'doc_code': 'P-1', 'era': 'USSR'}, 'error': None}
{'timestamp': '2026-06-09T07:51:29.456610+00:00', 'severity': 'INFO', 'endpoint': '/registry/documents', 'query_string': None, 'data': {'doc_code': 'P-1'}, 'error': 'Document created'}
{'timestamp': '2026-06-09T07:51:29.458097+00:00', 'severity': 'INFO', 'endpoint': '/registry/documents', 'query_string': None, 'data': {'title': 'Main', 'doc_code': 'M-1', 'era': 'USSR', 'predecessor_doc_id': 1}, 'error': None}
{'timestamp': '2026-06-09T07:51:29.459329+00:00', 'severity': 'INFO', 'endpoint': '/registry/documents', 'query_string': None, 'data': {'doc_code': 'M-1'}, 'error': 'Document created'}
{'timestamp': '2026-06-09T07:51:29.460707+00:00', 'severity': 'INFO', 'endpoint': '/registry/documents', 'query_string': None, 'data': {'title': 'Succ', 'doc_code': 'S-1', 'era': 'RF'}, 'error': None}
{'timestamp': '2026-06-09T07:51:29.461834+00:00', 'severity': 'INFO', 'endpoint': '/registry/documents', 'query_string': None, 'data': {'doc_code': 'S-1'}, 'error': 'Document created'}
{'timestamp': '2026-06-09T07:51:29.463686+00:00', 'severity': 'INFO', 'endpoint': '/registry/documents/2', 'query_string': None, 'data': {'successor_doc_id': 3}, 'error': None}
{'timestamp': '2026-06-09T07:51:29.465168+00:00', 'severity': 'INFO', 'endpoint': '/registry/documents/2', 'query_string': None, 'data': {'successor_doc_id': 3}, 'error': 'Document patched'}
{'timestamp': '2026-06-09T07:51:29.466601+00:00', 'severity': 'INFO', 'endpoint': '/registry/documents/2/succession', 'query_string': None, 'data': None, 'error': None}
{'timestamp': '2026-06-09T07:51:29.480036+00:00', 'severity': 'INFO', 'endpoint': '/registry/classifiers', 'query_string': None, 'data': {'classifier_system': 'MKS', 'code': '47.020', 'full_name': 'Hull'}, 'error': None}
{'timestamp': '2026-06-09T07:51:29.483179+00:00', 'severity': 'INFO', 'endpoint': '/registry/classifiers/validate', 'query_string': None, 'data': {'classification': {'mks_oks_code': '47.020', 'okstu_code': None, 'udk_code': None}}, 'error': None}
{'timestamp': '2026-06-09T07:51:29.496281+00:00', 'severity': 'INFO', 'endpoint': '/registry/documents', 'query_string': None, 'data': {'title': 'Pending Doc'}, 'error': None}
{'timestamp': '2026-06-09T07:51:29.498108+00:00', 'severity': 'INFO', 'endpoint': '/registry/documents', 'query_string': None, 'data': {'doc_code': 'PENDING-DOC'}, 'error': 'Document created'}
{'timestamp': '2026-06-09T07:51:29.500787+00:00', 'severity': 'INFO', 'endpoint': '/registry/classifiers/pending', 'query_string': None, 'data': None, 'error': None}
{'timestamp': '2026-06-09T07:51:29.505943+00:00', 'severity': 'INFO', 'endpoint': '/registry/classifiers/pending/1/accept', 'query_string': None, 'data': {'parent_code': '47.020', 'full_name': 'Other hull parts', 'admin_comment': 'ok'}, 'error': None}
{'timestamp': '2026-06-09T07:51:29.511490+00:00', 'severity': 'INFO', 'endpoint': '/registry/classifiers/pending/2/reject', 'query_string': None, 'data': {'admin_comment': 'invalid code'}, 'error': None}
{'timestamp': '2026-06-09T07:51:29.525001+00:00', 'severity': 'INFO', 'endpoint': '/registry/terminology', 'query_string': None, 'data': {'raw_term': 'Machine Learning', 'standard_term': 'Machine Learning', 'normalized_value': 'machine learning', 'term_type': 'term'}, 'error': None}
{'timestamp': '2026-06-09T07:51:29.539160+00:00', 'severity': 'INFO', 'endpoint': '/registry/terminology', 'query_string': None, 'data': {'raw_term': 'Duplicate Term', 'standard_term': 'Duplicate Term', 'normalized_value': 'duplicate term', 'term_type': 'term'}, 'error': None}
{'timestamp': '2026-06-09T07:51:29.541917+00:00', 'severity': 'INFO', 'endpoint': '/registry/terminology', 'query_string': None, 'data': {'raw_term': 'Duplicate Term', 'standard_term': 'Duplicate Term', 'normalized_value': 'duplicate term', 'term_type': 'term'}, 'error': None}
{'timestamp': '2026-06-09T07:51:29.554885+00:00', 'severity': 'INFO', 'endpoint': '/registry/terminology', 'query_string': None, 'data': {'standard_term': 'Test Term', 'normalized_value': 'test term', 'term_type': 'term'}, 'error': None}
{'timestamp': '2026-06-09T07:51:29.567206+00:00', 'severity': 'INFO', 'endpoint': '/registry/terminology', 'query_string': None, 'data': {'raw_term': 'Test Term', 'standard_term': 'Test Term', 'normalized_value': 'test term', 'term_type': 'term'}, 'error': None}
{'timestamp': '2026-06-09T07:51:29.570282+00:00', 'severity': 'INFO', 'endpoint': '/registry/terminology', 'query_string': None, 'data': {'raw_term': 'Another Term', 'standard_term': 'Another Term', 'normalized_value': 'another term', 'term_type': 'term'}, 'error': None}
{'timestamp': '2026-06-09T07:51:29.572882+00:00', 'severity': 'INFO', 'endpoint': '/registry/terminology', 'query_string': None, 'data': None, 'error': None}
{'timestamp': '2026-06-09T07:51:29.586519+00:00', 'severity': 'INFO', 'endpoint': '/registry/terminology', 'query_string': None, 'data': {'raw_term': 'IT Term 1', 'standard_term': 'IT Term 1', 'normalized_value': 'it term 1', 'term_type': 'acronym'}, 'error': None}
{'timestamp': '2026-06-09T07:51:29.589166+00:00', 'severity': 'INFO', 'endpoint': '/registry/terminology', 'query_string': None, 'data': {'raw_term': 'Building Term', 'standard_term': 'Building Term', 'normalized_value': 'building term', 'term_type': 'term'}, 'error': None}
{'timestamp': '2026-06-09T07:51:29.591255+00:00', 'severity': 'INFO', 'endpoint': '/registry/terminology', 'query_string': None, 'data': {'raw_term': 'IT Term 2', 'standard_term': 'IT Term 2', 'normalized_value': 'it term 2', 'term_type': 'acronym'}, 'error': None}
{'timestamp': '2026-06-09T07:51:29.593382+00:00', 'severity': 'INFO', 'endpoint': '/registry/terminology', 'query_string': None, 'data': None, 'error': None}
{'timestamp': '2026-06-09T07:51:29.609017+00:00', 'severity': 'INFO', 'endpoint': '/registry/terminology', 'query_string': None, 'data': {'raw_term': 'Machine Learning', 'standard_term': 'Machine Learning', 'normalized_value': 'machine learning', 'term_type': 'term'}, 'error': None}
{'timestamp': '2026-06-09T07:51:29.611738+00:00', 'severity': 'INFO', 'endpoint': '/registry/terminology', 'query_string': None, 'data': {'raw_term': 'Deep Learning', 'standard_term': 'Deep Learning', 'normalized_value': 'deep learning', 'term_type': 'term'}, 'error': None}
{'timestamp': '2026-06-09T07:51:29.614345+00:00', 'severity': 'INFO', 'endpoint': '/registry/terminology', 'query_string': None, 'data': {'raw_term': 'Other Concept', 'standard_term': 'Other Concept', 'normalized_value': 'other concept', 'term_type': 'term'}, 'error': None}
{'timestamp': '2026-06-09T07:51:29.616625+00:00', 'severity': 'INFO', 'endpoint': '/registry/terminology', 'query_string': None, 'data': None, 'error': None}
{'timestamp': '2026-06-09T07:51:29.632256+00:00', 'severity': 'INFO', 'endpoint': '/registry/terminology', 'query_string': None, 'data': {'raw_term': 'ML', 'standard_term': 'Machine Learning Acronym', 'normalized_value': 'ml', 'term_type': 'acronym'}, 'error': None}
{'timestamp': '2026-06-09T07:51:29.635401+00:00', 'severity': 'INFO', 'endpoint': '/registry/terminology', 'query_string': None, 'data': {'raw_term': 'AI', 'standard_term': 'Artificial Intelligence', 'normalized_value': 'ai', 'term_type': 'acronym'}, 'error': None}
{'timestamp': '2026-06-09T07:51:29.637803+00:00', 'severity': 'INFO', 'endpoint': '/registry/terminology', 'query_string': None, 'data': None, 'error': None}
{'timestamp': '2026-06-09T07:51:29.653660+00:00', 'severity': 'INFO', 'endpoint': '/registry/terminology', 'query_string': None, 'data': {'raw_term': 'ГОСТ', 'standard_term': 'ГОСТ', 'normalized_value': 'гост', 'term_type': 'standard_code', 'scope': ['Стандартизация', 'Судостроение'], 'synonyms': ['GOST']}, 'error': None}
{'timestamp': '2026-06-09T07:51:29.656739+00:00', 'severity': 'INFO', 'endpoint': '/registry/terminology', 'query_string': None, 'data': None, 'error': None}
{'timestamp': '2026-06-09T07:51:29.674550+00:00', 'severity': 'INFO', 'endpoint': '/registry/terminology', 'query_string': None, 'data': {'raw_term': 'Active Term', 'standard_term': 'Active Term', 'normalized_value': 'active term', 'term_type': 'term', 'is_blocked': False}, 'error': None}
{'timestamp': '2026-06-09T07:51:29.679062+00:00', 'severity': 'INFO', 'endpoint': '/registry/terminology', 'query_string': None, 'data': {'raw_term': 'Blocked Term', 'standard_term': 'Blocked Term', 'normalized_value': 'blocked term', 'term_type': 'term', 'is_blocked': True}, 'error': None}
{'timestamp': '2026-06-09T07:51:29.682157+00:00', 'severity': 'INFO', 'endpoint': '/registry/terminology', 'query_string': None, 'data': None, 'error': None}
{'timestamp': '2026-06-09T07:51:29.697876+00:00', 'severity': 'INFO', 'endpoint': '/registry/terminology', 'query_string': None, 'data': {'raw_term': 'Term 0', 'standard_term': 'Term 0', 'normalized_value': 'term 0', 'term_type': 'term'}, 'error': None}
{'timestamp': '2026-06-09T07:51:29.700834+00:00', 'severity': 'INFO', 'endpoint': '/registry/terminology', 'query_string': None, 'data': {'raw_term': 'Term 1', 'standard_term': 'Term 1', 'normalized_value': 'term 1', 'term_type': 'term'}, 'error': None}
{'timestamp': '2026-06-09T07:51:29.702991+00:00', 'severity': 'INFO', 'endpoint': '/registry/terminology', 'query_string': None, 'data': {'raw_term': 'Term 2', 'standard_term': 'Term 2', 'normalized_value': 'term 2', 'term_type': 'term'}, 'error': None}
{'timestamp': '2026-06-09T07:51:29.705399+00:00', 'severity': 'INFO', 'endpoint': '/registry/terminology', 'query_string': None, 'data': {'raw_term': 'Term 3', 'standard_term': 'Term 3', 'normalized_value': 'term 3', 'term_type': 'term'}, 'error': None}
{'timestamp': '2026-06-09T07:51:29.707477+00:00', 'severity': 'INFO', 'endpoint': '/registry/terminology', 'query_string': None, 'data': {'raw_term': 'Term 4', 'standard_term': 'Term 4', 'normalized_value': 'term 4', 'term_type': 'term'}, 'error': None}
{'timestamp': '2026-06-09T07:51:29.709511+00:00', 'severity': 'INFO', 'endpoint': '/registry/terminology', 'query_string': None, 'data': {'raw_term': 'Term 5', 'standard_term': 'Term 5', 'normalized_value': 'term 5', 'term_type': 'term'}, 'error': None}
{'timestamp': '2026-06-09T07:51:29.711517+00:00', 'severity': 'INFO', 'endpoint': '/registry/terminology', 'query_string': None, 'data': {'raw_term': 'Term 6', 'standard_term': 'Term 6', 'normalized_value': 'term 6', 'term_type': 'term'}, 'error': None}
{'timestamp': '2026-06-09T07:51:29.713674+00:00', 'severity': 'INFO', 'endpoint': '/registry/terminology', 'query_string': None, 'data': {'raw_term': 'Term 7', 'standard_term': 'Term 7', 'normalized_value': 'term 7', 'term_type': 'term'}, 'error': None}
{'timestamp': '2026-06-09T07:51:29.715809+00:00', 'severity': 'INFO', 'endpoint': '/registry/terminology', 'query_string': None, 'data': {'raw_term': 'Term 8', 'standard_term': 'Term 8', 'normalized_value': 'term 8', 'term_type': 'term'}, 'error': None}
{'timestamp': '2026-06-09T07:51:29.717967+00:00', 'severity': 'INFO', 'endpoint': '/registry/terminology', 'query_string': None, 'data': {'raw_term': 'Term 9', 'standard_term': 'Term 9', 'normalized_value': 'term 9', 'term_type': 'term'}, 'error': None}
{'timestamp': '2026-06-09T07:51:29.720095+00:00', 'severity': 'INFO', 'endpoint': '/registry/terminology', 'query_string': None, 'data': {'raw_term': 'Term 10', 'standard_term': 'Term 10', 'normalized_value': 'term 10', 'term_type': 'term'}, 'error': None}
{'timestamp': '2026-06-09T07:51:29.722221+00:00', 'severity': 'INFO', 'endpoint': '/registry/terminology', 'query_string': None, 'data': {'raw_term': 'Term 11', 'standard_term': 'Term 11', 'normalized_value': 'term 11', 'term_type': 'term'}, 'error': None}
{'timestamp': '2026-06-09T07:51:29.724295+00:00', 'severity': 'INFO', 'endpoint': '/registry/terminology', 'query_string': None, 'data': {'raw_term': 'Term 12', 'standard_term': 'Term 12', 'normalized_value': 'term 12', 'term_type': 'term'}, 'error': None}
{'timestamp': '2026-06-09T07:51:29.726437+00:00', 'severity': 'INFO', 'endpoint': '/registry/terminology', 'query_string': None, 'data': {'raw_term': 'Term 13', 'standard_term': 'Term 13', 'normalized_value': 'term 13', 'term_type': 'term'}, 'error': None}
{'timestamp': '2026-06-09T07:51:29.728564+00:00', 'severity': 'INFO', 'endpoint': '/registry/terminology', 'query_string': None, 'data': {'raw_term': 'Term 14', 'standard_term': 'Term 14', 'normalized_value': 'term 14', 'term_type': 'term'}, 'error': None}
{'timestamp': '2026-06-09T07:51:29.731109+00:00', 'severity': 'INFO', 'endpoint': '/registry/terminology', 'query_string': None, 'data': None, 'error': None}
{'timestamp': '2026-06-09T07:51:29.744411+00:00', 'severity': 'INFO', 'endpoint': '/registry/terminology', 'query_string': None, 'data': {'raw_term': 'Specific Term', 'standard_term': 'Specific Term', 'normalized_value': 'specific term', 'term_type': 'term'}, 'error': None}
{'timestamp': '2026-06-09T07:51:29.747518+00:00', 'severity': 'INFO', 'endpoint': '/registry/terminology/1', 'query_string': None, 'data': None, 'error': None}
{'timestamp': '2026-06-09T07:51:29.761398+00:00', 'severity': 'INFO', 'endpoint': '/registry/terminology/00000000-0000-0000-0000-000000000000', 'query_string': None, 'data': None, 'error': None}
{'timestamp': '2026-06-09T07:51:29.774116+00:00', 'severity': 'INFO', 'endpoint': '/registry/terminology', 'query_string': None, 'data': {'raw_term': 'Original Term', 'standard_term': 'Original Term', 'normalized_value': 'original term', 'term_type': 'term'}, 'error': None}
{'timestamp': '2026-06-09T07:51:29.777063+00:00', 'severity': 'INFO', 'endpoint': '/registry/terminology/1', 'query_string': None, 'data': {'standard_term': 'Updated Term'}, 'error': None}
{'timestamp': '2026-06-09T07:51:29.790874+00:00', 'severity': 'INFO', 'endpoint': '/registry/terminology/00000000-0000-0000-0000-000000000000', 'query_string': None, 'data': {'standard_term': 'Updated Term'}, 'error': None}
{'timestamp': '2026-06-09T07:51:29.803844+00:00', 'severity': 'INFO', 'endpoint': '/registry/terminology', 'query_string': None, 'data': {'raw_term': 'To Delete', 'standard_term': 'To Delete', 'normalized_value': 'to delete', 'term_type': 'term'}, 'error': None}
{'timestamp': '2026-06-09T07:51:29.806802+00:00', 'severity': 'INFO', 'endpoint': '/registry/terminology/1', 'query_string': None, 'data': None, 'error': None}
{'timestamp': '2026-06-09T07:51:29.808870+00:00', 'severity': 'INFO', 'endpoint': '/registry/terminology/1', 'query_string': None, 'data': None, 'error': None}
{'timestamp': '2026-06-09T07:51:29.821978+00:00', 'severity': 'INFO', 'endpoint': '/registry/terminology/00000000-0000-0000-0000-000000000000', 'query_string': None, 'data': None, 'error': None}
{'timestamp': '2026-06-09T07:51:29.834481+00:00', 'severity': 'INFO', 'endpoint': '/registry/terminology', 'query_string': None, 'data': {'raw_term': 'CPU', 'standard_term': 'CPU', 'normalized_value': 'cpu', 'term_type': 'acronym'}, 'error': None}
{'timestamp': '2026-06-09T07:51:29.837402+00:00', 'severity': 'INFO', 'endpoint': '/registry/terminology/normalize', 'query_string': None, 'data': None, 'error': None}
{'timestamp': '2026-06-09T07:51:29.850655+00:00', 'severity': 'INFO', 'endpoint': '/registry/terminology/normalize', 'query_string': None, 'data': None, 'error': None}
{'timestamp': '2026-06-09T07:51:29.864250+00:00', 'severity': 'INFO', 'endpoint': '/registry/terminology', 'query_string': None, 'data': {'raw_term': 'Patch Term', 'standard_term': 'Patch Term', 'normalized_value': 'patch term', 'term_type': 'term'}, 'error': None}
{'timestamp': '2026-06-09T07:51:29.867382+00:00', 'severity': 'INFO', 'endpoint': '/registry/terminology/1', 'query_string': None, 'data': {'definition': 'This is a patch test'}, 'error': None}
{'timestamp': '2026-06-09T07:51:29.880991+00:00', 'severity': 'INFO', 'endpoint': '/registry/terminology/import', 'query_string': None, 'data': None, 'error': None}
{'timestamp': '2026-06-09T08:09:49.826488+00:00', 'severity': 'INFO', 'endpoint': '/registry/classifiers', 'query_string': None, 'data': {'classifier_system': 'MKS', 'code': 'TEST_01', 'full_name': 'Test Classifier'}, 'error': None}
{'timestamp': '2026-06-09T08:09:49.845523+00:00', 'severity': 'INFO', 'endpoint': '/registry/classifiers', 'query_string': None, 'data': {'classifier_system': 'MKS', 'code': 'TEST_DUP', 'full_name': 'Test Classifier'}, 'error': None}
{'timestamp': '2026-06-09T08:09:49.848332+00:00', 'severity': 'INFO', 'endpoint': '/registry/classifiers', 'query_string': None, 'data': {'classifier_system': 'MKS', 'code': 'TEST_DUP', 'full_name': 'Test Classifier'}, 'error': None}
{'timestamp': '2026-06-09T08:09:49.862309+00:00', 'severity': 'INFO', 'endpoint': '/registry/classifiers', 'query_string': None, 'data': {'classifier_system': 'MKS', 'code': 'TEST_VAL'}, 'error': None}
{'timestamp': '2026-06-09T08:09:49.875347+00:00', 'severity': 'INFO', 'endpoint': '/registry/classifiers', 'query_string': None, 'data': {'classifier_system': 'MKS', 'code': 'TEST_02', 'full_name': 'Test 2'}, 'error': None}
{'timestamp': '2026-06-09T08:09:49.878257+00:00', 'severity': 'INFO', 'endpoint': '/registry/classifiers', 'query_string': None, 'data': {'classifier_system': 'OKSTU', 'code': 'TEST_03', 'full_name': 'Test 3'}, 'error': None}
{'timestamp': '2026-06-09T08:09:49.881028+00:00', 'severity': 'INFO', 'endpoint': '/registry/classifiers', 'query_string': None, 'data': None, 'error': None}
{'timestamp': '2026-06-09T08:09:49.898059+00:00', 'severity': 'INFO', 'endpoint': '/registry/classifiers', 'query_string': None, 'data': {'classifier_system': 'MKS', 'code': 'TEST_MKS', 'full_name': 'Test MKS'}, 'error': None}
{'timestamp': '2026-06-09T08:09:49.901182+00:00', 'severity': 'INFO', 'endpoint': '/registry/classifiers', 'query_string': None, 'data': {'classifier_system': 'OKSTU', 'code': 'TEST_OKSTU', 'full_name': 'Test OKSTU'}, 'error': None}
{'timestamp': '2026-06-09T08:09:49.904667+00:00', 'severity': 'INFO', 'endpoint': '/registry/classifiers', 'query_string': None, 'data': {'classifier_system': 'MKS', 'code': 'TEST_ACTIVE', 'full_name': 'Test Active', 'status': 'active'}, 'error': None}
{'timestamp': '2026-06-09T08:09:49.907195+00:00', 'severity': 'INFO', 'endpoint': '/registry/classifiers', 'query_string': None, 'data': None, 'error': None}
{'timestamp': '2026-06-09T08:09:49.911134+00:00', 'severity': 'INFO', 'endpoint': '/registry/classifiers', 'query_string': None, 'data': None, 'error': None}
{'timestamp': '2026-06-09T08:09:49.926172+00:00', 'severity': 'INFO', 'endpoint': '/registry/classifiers', 'query_string': None, 'data': {'classifier_system': 'MKS', 'code': 'TEST_SEARCH', 'full_name': 'Machine Learning Classifier'}, 'error': None}
{'timestamp': '2026-06-09T08:09:49.929266+00:00', 'severity': 'INFO', 'endpoint': '/registry/classifiers', 'query_string': None, 'data': {'classifier_system': 'MKS', 'code': 'TEST_OTHER', 'full_name': 'Other Classifier'}, 'error': None}
{'timestamp': '2026-06-09T08:09:49.931857+00:00', 'severity': 'INFO', 'endpoint': '/registry/classifiers', 'query_string': None, 'data': None, 'error': None}
{'timestamp': '2026-06-09T08:09:49.947478+00:00', 'severity': 'INFO', 'endpoint': '/registry/classifiers', 'query_string': None, 'data': {'classifier_system': 'MKS', 'code': 'TEST_PAGE_0', 'full_name': 'Test 0'}, 'error': None}
{'timestamp': '2026-06-09T08:09:49.950524+00:00', 'severity': 'INFO', 'endpoint': '/registry/classifiers', 'query_string': None, 'data': {'classifier_system': 'MKS', 'code': 'TEST_PAGE_1', 'full_name': 'Test 1'}, 'error': None}
{'timestamp': '2026-06-09T08:09:49.953194+00:00', 'severity': 'INFO', 'endpoint': '/registry/classifiers', 'query_string': None, 'data': {'classifier_system': 'MKS', 'code': 'TEST_PAGE_2', 'full_name': 'Test 2'}, 'error': None}
{'timestamp': '2026-06-09T08:09:49.955444+00:00', 'severity': 'INFO', 'endpoint': '/registry/classifiers', 'query_string': None, 'data': {'classifier_system': 'MKS', 'code': 'TEST_PAGE_3', 'full_name': 'Test 3'}, 'error': None}
{'timestamp': '2026-06-09T08:09:49.957763+00:00', 'severity': 'INFO', 'endpoint': '/registry/classifiers', 'query_string': None, 'data': {'classifier_system': 'MKS', 'code': 'TEST_PAGE_4', 'full_name': 'Test 4'}, 'error': None}
{'timestamp': '2026-06-09T08:09:49.960114+00:00', 'severity': 'INFO', 'endpoint': '/registry/classifiers', 'query_string': None, 'data': {'classifier_system': 'MKS', 'code': 'TEST_PAGE_5', 'full_name': 'Test 5'}, 'error': None}
{'timestamp': '2026-06-09T08:09:49.962690+00:00', 'severity': 'INFO', 'endpoint': '/registry/classifiers', 'query_string': None, 'data': {'classifier_system': 'MKS', 'code': 'TEST_PAGE_6', 'full_name': 'Test 6'}, 'error': None}
{'timestamp': '2026-06-09T08:09:49.965153+00:00', 'severity': 'INFO', 'endpoint': '/registry/classifiers', 'query_string': None, 'data': {'classifier_system': 'MKS', 'code': 'TEST_PAGE_7', 'full_name': 'Test 7'}, 'error': None}
{'timestamp': '2026-06-09T08:09:49.967603+00:00', 'severity': 'INFO', 'endpoint': '/registry/classifiers', 'query_string': None, 'data': {'classifier_system': 'MKS', 'code': 'TEST_PAGE_8', 'full_name': 'Test 8'}, 'error': None}
{'timestamp': '2026-06-09T08:09:49.970323+00:00', 'severity': 'INFO', 'endpoint': '/registry/classifiers', 'query_string': None, 'data': {'classifier_system': 'MKS', 'code': 'TEST_PAGE_9', 'full_name': 'Test 9'}, 'error': None}
{'timestamp': '2026-06-09T08:09:49.972719+00:00', 'severity': 'INFO', 'endpoint': '/registry/classifiers', 'query_string': None, 'data': {'classifier_system': 'MKS', 'code': 'TEST_PAGE_10', 'full_name': 'Test 10'}, 'error': None}
{'timestamp': '2026-06-09T08:09:49.974997+00:00', 'severity': 'INFO', 'endpoint': '/registry/classifiers', 'query_string': None, 'data': {'classifier_system': 'MKS', 'code': 'TEST_PAGE_11', 'full_name': 'Test 11'}, 'error': None}
{'timestamp': '2026-06-09T08:09:49.977280+00:00', 'severity': 'INFO', 'endpoint': '/registry/classifiers', 'query_string': None, 'data': {'classifier_system': 'MKS', 'code': 'TEST_PAGE_12', 'full_name': 'Test 12'}, 'error': None}
{'timestamp': '2026-06-09T08:09:49.979649+00:00', 'severity': 'INFO', 'endpoint': '/registry/classifiers', 'query_string': None, 'data': {'classifier_system': 'MKS', 'code': 'TEST_PAGE_13', 'full_name': 'Test 13'}, 'error': None}
{'timestamp': '2026-06-09T08:09:49.981751+00:00', 'severity': 'INFO', 'endpoint': '/registry/classifiers', 'query_string': None, 'data': {'classifier_system': 'MKS', 'code': 'TEST_PAGE_14', 'full_name': 'Test 14'}, 'error': None}
{'timestamp': '2026-06-09T08:09:49.984056+00:00', 'severity': 'INFO', 'endpoint': '/registry/classifiers', 'query_string': None, 'data': None, 'error': None}
{'timestamp': '2026-06-09T08:09:49.998881+00:00', 'severity': 'INFO', 'endpoint': '/registry/classifiers', 'query_string': None, 'data': {'classifier_system': 'MKS', 'code': 'TEST_03', 'full_name': 'Test 3'}, 'error': None}
{'timestamp': '2026-06-09T08:09:50.002399+00:00', 'severity': 'INFO', 'endpoint': '/registry/classifiers/TEST_03', 'query_string': None, 'data': None, 'error': None}
{'timestamp': '2026-06-09T08:09:50.017240+00:00', 'severity': 'INFO', 'endpoint': '/registry/classifiers/NONEXISTENT', 'query_string': None, 'data': None, 'error': None}
{'timestamp': '2026-06-09T08:09:50.032617+00:00', 'severity': 'INFO', 'endpoint': '/registry/classifiers', 'query_string': None, 'data': {'classifier_system': 'MKS', 'code': 'TEST_04', 'full_name': 'Test 4'}, 'error': None}
{'timestamp': '2026-06-09T08:09:50.036107+00:00', 'severity': 'INFO', 'endpoint': '/registry/classifiers/TEST_04', 'query_string': None, 'data': {'full_name': 'Updated Test 4'}, 'error': None}
{'timestamp': '2026-06-09T08:09:50.050263+00:00', 'severity': 'INFO', 'endpoint': '/registry/classifiers/NONEXISTENT', 'query_string': None, 'data': {'full_name': 'Updated Name'}, 'error': None}
{'timestamp': '2026-06-09T08:09:50.063691+00:00', 'severity': 'INFO', 'endpoint': '/registry/classifiers', 'query_string': None, 'data': {'classifier_system': 'MKS', 'code': 'TEST_05', 'full_name': 'Test 5'}, 'error': None}
{'timestamp': '2026-06-09T08:09:50.066855+00:00', 'severity': 'INFO', 'endpoint': '/registry/classifiers/TEST_05', 'query_string': None, 'data': None, 'error': None}
{'timestamp': '2026-06-09T08:09:50.074702+00:00', 'severity': 'INFO', 'endpoint': '/registry/classifiers/TEST_05', 'query_string': None, 'data': None, 'error': None}
{'timestamp': '2026-06-09T08:09:50.089514+00:00', 'severity': 'INFO', 'endpoint': '/registry/classifiers', 'query_string': None, 'data': {'classifier_system': 'MKS', 'code': 'PARENT', 'full_name': 'Parent'}, 'error': None}
{'timestamp': '2026-06-09T08:09:50.092675+00:00', 'severity': 'INFO', 'endpoint': '/registry/classifiers', 'query_string': None, 'data': {'classifier_system': 'MKS', 'code': 'CHILD', 'full_name': 'Child', 'parent_code': 'PARENT'}, 'error': None}
{'timestamp': '2026-06-09T08:09:50.094941+00:00', 'severity': 'INFO', 'endpoint': '/registry/classifiers/PARENT', 'query_string': None, 'data': None, 'error': None}
{'timestamp': '2026-06-09T08:09:50.097041+00:00', 'severity': 'INFO', 'endpoint': '/registry/classifiers/PARENT', 'query_string': None, 'data': None, 'error': None}
{'timestamp': '2026-06-09T08:09:50.111446+00:00', 'severity': 'INFO', 'endpoint': '/registry/classifiers/NONEXISTENT', 'query_string': None, 'data': None, 'error': None}
{'timestamp': '2026-06-09T08:09:50.125273+00:00', 'severity': 'INFO', 'endpoint': '/registry/classifiers', 'query_string': None, 'data': {'classifier_system': 'MKS', 'code': 'ROOT_1', 'full_name': 'Root Classifier'}, 'error': None}
{'timestamp': '2026-06-09T08:09:50.128344+00:00', 'severity': 'INFO', 'endpoint': '/registry/classifiers', 'query_string': None, 'data': {'classifier_system': 'MKS', 'code': 'CHILD_1', 'full_name': 'Child Classifier', 'parent_code': 'ROOT_1'}, 'error': None}
{'timestamp': '2026-06-09T08:09:50.131074+00:00', 'severity': 'INFO', 'endpoint': '/registry/classifiers', 'query_string': None, 'data': {'classifier_system': 'MKS', 'code': 'CHILD_2', 'full_name': 'Child 2', 'parent_code': 'ROOT_1'}, 'error': None}
{'timestamp': '2026-06-09T08:09:50.133822+00:00', 'severity': 'INFO', 'endpoint': '/registry/classifiers/tree', 'query_string': None, 'data': None, 'error': None}
{'timestamp': '2026-06-09T08:09:50.147368+00:00', 'severity': 'INFO', 'endpoint': '/registry/classifiers', 'query_string': None, 'data': {'classifier_system': 'MKS', 'code': 'ROOT_A', 'full_name': 'Root A'}, 'error': None}
{'timestamp': '2026-06-09T08:09:50.150436+00:00', 'severity': 'INFO', 'endpoint': '/registry/classifiers', 'query_string': None, 'data': {'classifier_system': 'MKS', 'code': 'ROOT_B', 'full_name': 'Root B'}, 'error': None}
{'timestamp': '2026-06-09T08:09:50.152916+00:00', 'severity': 'INFO', 'endpoint': '/registry/classifiers', 'query_string': None, 'data': {'classifier_system': 'MKS', 'code': 'CHILD_A', 'full_name': 'Child A', 'parent_code': 'ROOT_A'}, 'error': None}
{'timestamp': '2026-06-09T08:09:50.155449+00:00', 'severity': 'INFO', 'endpoint': '/registry/classifiers/tree', 'query_string': None, 'data': None, 'error': None}
{'timestamp': '2026-06-09T08:09:50.169414+00:00', 'severity': 'INFO', 'endpoint': '/registry/classifiers', 'query_string': None, 'data': {'classifier_system': 'MKS', 'code': 'ROOT_SEARCH', 'full_name': 'Machine Learning Root'}, 'error': None}
{'timestamp': '2026-06-09T08:09:50.172626+00:00', 'severity': 'INFO', 'endpoint': '/registry/classifiers', 'query_string': None, 'data': {'classifier_system': 'MKS', 'code': 'CHILD_SEARCH', 'full_name': 'ML Child', 'parent_code': 'ROOT_SEARCH'}, 'error': None}
{'timestamp': '2026-06-09T08:09:50.174914+00:00', 'severity': 'INFO', 'endpoint': '/registry/classifiers/tree', 'query_string': None, 'data': None, 'error': None}
{'timestamp': '2026-06-09T08:09:50.188459+00:00', 'severity': 'INFO', 'endpoint': '/registry/classifiers', 'query_string': None, 'data': {'classifier_system': 'MKS', 'code': 'TEST_PATCH', 'full_name': 'Original Name'}, 'error': None}
{'timestamp': '2026-06-09T08:09:50.191904+00:00', 'severity': 'INFO', 'endpoint': '/registry/classifiers/TEST_PATCH', 'query_string': None, 'data': {'full_name': 'Patched Name'}, 'error': None}
{'timestamp': '2026-06-09T08:09:50.204968+00:00', 'severity': 'INFO', 'endpoint': '/registry/classifiers/NONEXISTENT', 'query_string': None, 'data': {'full_name': 'Patched Name'}, 'error': None}
{'timestamp': '2026-06-09T08:09:50.218915+00:00', 'severity': 'INFO', 'endpoint': '/registry/classifiers/import', 'query_string': None, 'data': None, 'error': None}
{'timestamp': '2026-06-09T08:09:50.233209+00:00', 'severity': 'INFO', 'endpoint': '/registry/classifiers', 'query_string': None, 'data': {'classifier_system': 'MKS', 'code': 'PARENT_FILTER', 'full_name': 'Parent Filter'}, 'error': None}
{'timestamp': '2026-06-09T08:09:50.237442+00:00', 'severity': 'INFO', 'endpoint': '/registry/classifiers', 'query_string': None, 'data': {'classifier_system': 'MKS', 'code': 'CHILD_FILTER', 'full_name': 'Child Filter', 'parent_code': 'PARENT_FILTER'}, 'error': None}
{'timestamp': '2026-06-09T08:09:50.240621+00:00', 'severity': 'INFO', 'endpoint': '/registry/classifiers', 'query_string': None, 'data': {'classifier_system': 'MKS', 'code': 'ROOT_FILTER', 'full_name': 'Root Filter'}, 'error': None}
{'timestamp': '2026-06-09T08:09:50.243278+00:00', 'severity': 'INFO', 'endpoint': '/registry/classifiers', 'query_string': None, 'data': None, 'error': None}
{'timestamp': '2026-06-09T08:09:50.260124+00:00', 'severity': 'INFO', 'endpoint': '/registry/classifiers', 'query_string': None, 'data': {'classifier_system': 'MKS', 'code': 'H_ROOT', 'full_name': 'Hierarchical Root'}, 'error': None}
{'timestamp': '2026-06-09T08:09:50.262971+00:00', 'severity': 'INFO', 'endpoint': '/registry/classifiers', 'query_string': None, 'data': {'classifier_system': 'MKS', 'code': 'H_ROOT.CHILD1', 'full_name': 'Child 1', 'parent_code': 'H_ROOT'}, 'error': None}
{'timestamp': '2026-06-09T08:09:50.265212+00:00', 'severity': 'INFO', 'endpoint': '/registry/classifiers', 'query_string': None, 'data': {'classifier_system': 'MKS', 'code': 'H_ROOT.CHILD1.GRANDCHILD', 'full_name': 'Grandchild', 'parent_code': 'H_ROOT.CHILD1'}, 'error': None}
{'timestamp': '2026-06-09T08:09:50.267821+00:00', 'severity': 'INFO', 'endpoint': '/registry/classifiers/tree', 'query_string': None, 'data': None, 'error': None}
{'timestamp': '2026-06-09T08:09:50.281872+00:00', 'severity': 'INFO', 'endpoint': '/registry/classifiers', 'query_string': None, 'data': {'classifier_system': 'MKS', 'code': 'EFF_01', 'full_name': 'Effective Date Test', 'effective_date': '2026-06-08T00:00:00'}, 'error': None}
{'timestamp': '2026-06-09T08:09:50.296035+00:00', 'severity': 'INFO', 'endpoint': '/registry/classifiers', 'query_string': None, 'data': {'classifier_system': 'MKS', 'code': 'MKS_REF', 'full_name': 'Referenced Classifier'}, 'error': None}
{'timestamp': '2026-06-09T08:09:50.299923+00:00', 'severity': 'INFO', 'endpoint': '/registry/documents', 'query_string': None, 'data': {'title': 'Document Ref Test', 'doc_code': 'DOC_REF_01', 'mks_oks_code': 'MKS_REF'}, 'error': None}
{'timestamp': '2026-06-09T08:09:50.304123+00:00', 'severity': 'INFO', 'endpoint': '/registry/documents', 'query_string': None, 'data': {'doc_code': 'DOC_REF_01'}, 'error': 'Document created'}
{'timestamp': '2026-06-09T08:09:50.306177+00:00', 'severity': 'INFO', 'endpoint': '/registry/classifiers/MKS_REF', 'query_string': None, 'data': None, 'error': None}
{'timestamp': '2026-06-09T08:09:50.321419+00:00', 'severity': 'INFO', 'endpoint': '/registry/classifiers', 'query_string': None, 'data': {'classifier_system': 'MKS', 'code': '47.020', 'full_name': 'Parent Section'}, 'error': None}
{'timestamp': '2026-06-09T08:09:50.326860+00:00', 'severity': 'INFO', 'endpoint': '/registry/classifiers/pending', 'query_string': None, 'data': None, 'error': None}
{'timestamp': '2026-06-09T08:09:50.342949+00:00', 'severity': 'INFO', 'endpoint': '/registry/enums', 'query_string': None, 'data': None, 'error': None}
{'timestamp': '2026-06-09T08:09:50.357591+00:00', 'severity': 'INFO', 'endpoint': '/registry/enums', 'query_string': None, 'data': None, 'error': None}
{'timestamp': '2026-06-09T08:09:50.371996+00:00', 'severity': 'INFO', 'endpoint': '/registry/stats', 'query_string': None, 'data': None, 'error': None}
{'timestamp': '2026-06-09T08:09:50.392158+00:00', 'severity': 'INFO', 'endpoint': '/registry/classifiers', 'query_string': None, 'data': {'classifier_system': 'MKS', 'code': 'STATS_01', 'full_name': 'Stats Classifier'}, 'error': None}
{'timestamp': '2026-06-09T08:09:50.394852+00:00', 'severity': 'INFO', 'endpoint': '/registry/classifiers', 'query_string': None, 'data': {'classifier_system': 'MKS', 'code': 'STATS_02', 'full_name': 'Stats Classifier 2'}, 'error': None}
{'timestamp': '2026-06-09T08:09:50.397402+00:00', 'severity': 'INFO', 'endpoint': '/registry/terminology', 'query_string': None, 'data': {'raw_term': 'Stats Term', 'standard_term': 'Stats Term', 'normalized_value': 'stats term', 'term_type': 'term'}, 'error': None}
{'timestamp': '2026-06-09T08:09:50.401148+00:00', 'severity': 'INFO', 'endpoint': '/registry/documents', 'query_string': None, 'data': {'title': 'Stats Document', 'status': 'draft', 'classifier_system': 'MKS'}, 'error': None}
{'timestamp': '2026-06-09T08:09:50.402813+00:00', 'severity': 'INFO', 'endpoint': '/registry/documents', 'query_string': None, 'data': {'doc_code': 'STATS-DOCUMENT'}, 'error': 'Document created'}
{'timestamp': '2026-06-09T08:09:50.404326+00:00', 'severity': 'INFO', 'endpoint': '/registry/documents', 'query_string': None, 'data': {'title': 'Stats Document 2', 'status': 'approved', 'classifier_system': 'MKS'}, 'error': None}
{'timestamp': '2026-06-09T08:09:50.405543+00:00', 'severity': 'INFO', 'endpoint': '/registry/documents', 'query_string': None, 'data': {'doc_code': 'STATS-DOCUMENT-2'}, 'error': 'Document created'}
{'timestamp': '2026-06-09T08:09:50.407088+00:00', 'severity': 'INFO', 'endpoint': '/registry/stats', 'query_string': None, 'data': None, 'error': None}
{'timestamp': '2026-06-09T08:09:50.422929+00:00', 'severity': 'INFO', 'endpoint': '/registry/documents', 'query_string': None, 'data': {'title': 'Draft Doc Status', 'status': 'draft', 'classifier_system': 'MKS'}, 'error': None}
{'timestamp': '2026-06-09T08:09:50.424885+00:00', 'severity': 'INFO', 'endpoint': '/registry/documents', 'query_string': None, 'data': {'doc_code': 'DRAFT-DOC-STATUS'}, 'error': 'Document created'}
{'timestamp': '2026-06-09T08:09:50.426480+00:00', 'severity': 'INFO', 'endpoint': '/registry/documents', 'query_string': None, 'data': {'title': 'Draft Doc Status 2', 'status': 'draft', 'classifier_system': 'MKS'}, 'error': None}
{'timestamp': '2026-06-09T08:09:50.427713+00:00', 'severity': 'INFO', 'endpoint': '/registry/documents', 'query_string': None, 'data': {'doc_code': 'DRAFT-DOC-STATUS-2'}, 'error': 'Document created'}
{'timestamp': '2026-06-09T08:09:50.429247+00:00', 'severity': 'INFO', 'endpoint': '/registry/documents', 'query_string': None, 'data': {'title': 'Approved Doc Status', 'status': 'approved', 'classifier_system': 'MKS'}, 'error': None}
{'timestamp': '2026-06-09T08:09:50.430588+00:00', 'severity': 'INFO', 'endpoint': '/registry/documents', 'query_string': None, 'data': {'doc_code': 'APPROVED-DOC-STATUS'}, 'error': 'Document created'}
{'timestamp': '2026-06-09T08:09:50.432105+00:00', 'severity': 'INFO', 'endpoint': '/registry/documents', 'query_string': None, 'data': {'title': 'Processing Doc Status', 'status': 'processing', 'classifier_system': 'MKS'}, 'error': None}
{'timestamp': '2026-06-09T08:09:50.433270+00:00', 'severity': 'INFO', 'endpoint': '/registry/documents', 'query_string': None, 'data': {'doc_code': 'PROCESSING-DOC-STATUS'}, 'error': 'Document created'}
{'timestamp': '2026-06-09T08:09:50.434830+00:00', 'severity': 'INFO', 'endpoint': '/registry/stats', 'query_string': None, 'data': None, 'error': None}
{'timestamp': '2026-06-09T08:09:50.453760+00:00', 'severity': 'INFO', 'endpoint': '/registry/documents', 'query_string': None, 'data': {'title': 'Test Document', 'doc_code': 'DOC-123', 'status': 'draft', 'classifier_system': 'MKS', 'mks_oks_code': '01.01.01'}, 'error': None}
{'timestamp': '2026-06-09T08:09:50.455891+00:00', 'severity': 'INFO', 'endpoint': '/registry/documents', 'query_string': None, 'data': {'doc_code': 'DOC-123'}, 'error': 'Document created'}
{'timestamp': '2026-06-09T08:09:50.469273+00:00', 'severity': 'INFO', 'endpoint': '/registry/classifiers', 'query_string': None, 'data': {'classifier_system': 'MKS', 'code': 'CLS_001', 'full_name': 'Test Classifier'}, 'error': None}
{'timestamp': '2026-06-09T08:09:50.472512+00:00', 'severity': 'INFO', 'endpoint': '/registry/documents', 'query_string': None, 'data': {'title': 'Document with Classifier', 'doc_code': 'DOC-CLS', 'classifier_system': 'MKS', 'mks_oks_code': 'CLS_001'}, 'error': None}
{'timestamp': '2026-06-09T08:09:50.474064+00:00', 'severity': 'INFO', 'endpoint': '/registry/documents', 'query_string': None, 'data': {'doc_code': 'DOC-CLS'}, 'error': 'Document created'}
{'timestamp': '2026-06-09T08:09:50.487633+00:00', 'severity': 'INFO', 'endpoint': '/registry/documents', 'query_string': None, 'data': {'doc_code': 'DOC-VAL'}, 'error': None}
{'timestamp': '2026-06-09T08:09:50.487950+00:00', 'severity': 'WARNING', 'endpoint': '/registry/documents', 'query_string': None, 'data': {'doc_code': 'DOC-VAL'}, 'error': 'Missing required fields'}
{'timestamp': '2026-06-09T08:09:50.500449+00:00', 'severity': 'INFO', 'endpoint': '/registry/documents', 'query_string': None, 'data': {'title': 'Doc 1', 'classifier_system': 'MKS'}, 'error': None}
{'timestamp': '2026-06-09T08:09:50.502692+00:00', 'severity': 'INFO', 'endpoint': '/registry/documents', 'query_string': None, 'data': {'doc_code': 'DOC-1'}, 'error': 'Document created'}
{'timestamp': '2026-06-09T08:09:50.504576+00:00', 'severity': 'INFO', 'endpoint': '/registry/documents', 'query_string': None, 'data': {'title': 'Doc 2', 'classifier_system': 'MKS'}, 'error': None}
{'timestamp': '2026-06-09T08:09:50.506032+00:00', 'severity': 'INFO', 'endpoint': '/registry/documents', 'query_string': None, 'data': {'doc_code': 'DOC-2'}, 'error': 'Document created'}
{'timestamp': '2026-06-09T08:09:50.508279+00:00', 'severity': 'INFO', 'endpoint': '/registry/documents', 'query_string': None, 'data': None, 'error': None}
{'timestamp': '2026-06-09T08:09:50.523775+00:00', 'severity': 'INFO', 'endpoint': '/registry/documents', 'query_string': None, 'data': {'title': 'Draft Doc', 'status': 'draft', 'classifier_system': 'MKS'}, 'error': None}
{'timestamp': '2026-06-09T08:09:50.525529+00:00', 'severity': 'INFO', 'endpoint': '/registry/documents', 'query_string': None, 'data': {'doc_code': 'DRAFT-DOC'}, 'error': 'Document created'}
{'timestamp': '2026-06-09T08:09:50.527266+00:00', 'severity': 'INFO', 'endpoint': '/registry/documents', 'query_string': None, 'data': {'title': 'Active Doc', 'status': 'active', 'classifier_system': 'MKS'}, 'error': None}
{'timestamp': '2026-06-09T08:09:50.528464+00:00', 'severity': 'INFO', 'endpoint': '/registry/documents', 'query_string': None, 'data': {'doc_code': 'ACTIVE-DOC'}, 'error': 'Document created'}
{'timestamp': '2026-06-09T08:09:50.530207+00:00', 'severity': 'INFO', 'endpoint': '/registry/documents', 'query_string': None, 'data': None, 'error': None}
{'timestamp': '2026-06-09T08:09:50.546999+00:00', 'severity': 'INFO', 'endpoint': '/registry/documents', 'query_string': None, 'data': {'title': 'Machine Learning Document', 'classifier_system': 'MKS'}, 'error': None}
{'timestamp': '2026-06-09T08:09:50.548875+00:00', 'severity': 'INFO', 'endpoint': '/registry/documents', 'query_string': None, 'data': {'doc_code': 'MACHINE-LEARNING-DOCUMENT'}, 'error': 'Document created'}
{'timestamp': '2026-06-09T08:09:50.550840+00:00', 'severity': 'INFO', 'endpoint': '/registry/documents', 'query_string': None, 'data': None, 'error': None}
{'timestamp': '2026-06-09T08:09:50.568086+00:00', 'severity': 'INFO', 'endpoint': '/registry/classifiers', 'query_string': None, 'data': {'classifier_system': 'MKS', 'code': 'CLS_FILTER', 'full_name': 'Filter Classifier'}, 'error': None}
{'timestamp': '2026-06-09T08:09:50.571436+00:00', 'severity': 'INFO', 'endpoint': '/registry/documents', 'query_string': None, 'data': {'title': 'Doc 1', 'classifier_system': 'MKS', 'mks_oks_code': 'CLS_FILTER'}, 'error': None}
{'timestamp': '2026-06-09T08:09:50.573622+00:00', 'severity': 'INFO', 'endpoint': '/registry/documents', 'query_string': None, 'data': {'doc_code': 'DOC-1'}, 'error': 'Document created'}
{'timestamp': '2026-06-09T08:09:50.576053+00:00', 'severity': 'INFO', 'endpoint': '/registry/documents', 'query_string': None, 'data': None, 'error': None}
{'timestamp': '2026-06-09T08:09:50.592156+00:00', 'severity': 'INFO', 'endpoint': '/registry/documents', 'query_string': None, 'data': {'title': 'Doc 0', 'classifier_system': 'MKS'}, 'error': None}
{'timestamp': '2026-06-09T08:09:50.593842+00:00', 'severity': 'INFO', 'endpoint': '/registry/documents', 'query_string': None, 'data': {'doc_code': 'DOC-0'}, 'error': 'Document created'}
{'timestamp': '2026-06-09T08:09:50.595299+00:00', 'severity': 'INFO', 'endpoint': '/registry/documents', 'query_string': None, 'data': {'title': 'Doc 1', 'classifier_system': 'MKS'}, 'error': None}
{'timestamp': '2026-06-09T08:09:50.596374+00:00', 'severity': 'INFO', 'endpoint': '/registry/documents', 'query_string': None, 'data': {'doc_code': 'DOC-1'}, 'error': 'Document created'}
{'timestamp': '2026-06-09T08:09:50.597757+00:00', 'severity': 'INFO', 'endpoint': '/registry/documents', 'query_string': None, 'data': {'title': 'Doc 2', 'classifier_system': 'MKS'}, 'error': None}
{'timestamp': '2026-06-09T08:09:50.598933+00:00', 'severity': 'INFO', 'endpoint': '/registry/documents', 'query_string': None, 'data': {'doc_code': 'DOC-2'}, 'error': 'Document created'}
{'timestamp': '2026-06-09T08:09:50.600312+00:00', 'severity': 'INFO', 'endpoint': '/registry/documents', 'query_string': None, 'data': {'title': 'Doc 3', 'classifier_system': 'MKS'}, 'error': None}
{'timestamp': '2026-06-09T08:09:50.601505+00:00', 'severity': 'INFO', 'endpoint': '/registry/documents', 'query_string': None, 'data': {'doc_code': 'DOC-3'}, 'error': 'Document created'}
{'timestamp': '2026-06-09T08:09:50.603223+00:00', 'severity': 'INFO', 'endpoint': '/registry/documents', 'query_string': None, 'data': {'title': 'Doc 4', 'classifier_system': 'MKS'}, 'error': None}
{'timestamp': '2026-06-09T08:09:50.604997+00:00', 'severity': 'INFO', 'endpoint': '/registry/documents', 'query_string': None, 'data': {'doc_code': 'DOC-4'}, 'error': 'Document created'}
{'timestamp': '2026-06-09T08:09:50.606750+00:00', 'severity': 'INFO', 'endpoint': '/registry/documents', 'query_string': None, 'data': {'title': 'Doc 5', 'classifier_system': 'MKS'}, 'error': None}
{'timestamp': '2026-06-09T08:09:50.608267+00:00', 'severity': 'INFO', 'endpoint': '/registry/documents', 'query_string': None, 'data': {'doc_code': 'DOC-5'}, 'error': 'Document created'}
{'timestamp': '2026-06-09T08:09:50.609797+00:00', 'severity': 'INFO', 'endpoint': '/registry/documents', 'query_string': None, 'data': {'title': 'Doc 6', 'classifier_system': 'MKS'}, 'error': None}
{'timestamp': '2026-06-09T08:09:50.611077+00:00', 'severity': 'INFO', 'endpoint': '/registry/documents', 'query_string': None, 'data': {'doc_code': 'DOC-6'}, 'error': 'Document created'}
{'timestamp': '2026-06-09T08:09:50.612526+00:00', 'severity': 'INFO', 'endpoint': '/registry/documents', 'query_string': None, 'data': {'title': 'Doc 7', 'classifier_system': 'MKS'}, 'error': None}
{'timestamp': '2026-06-09T08:09:50.613852+00:00', 'severity': 'INFO', 'endpoint': '/registry/documents', 'query_string': None, 'data': {'doc_code': 'DOC-7'}, 'error': 'Document created'}
{'timestamp': '2026-06-09T08:09:50.615271+00:00', 'severity': 'INFO', 'endpoint': '/registry/documents', 'query_string': None, 'data': {'title': 'Doc 8', 'classifier_system': 'MKS'}, 'error': None}
{'timestamp': '2026-06-09T08:09:50.616618+00:00', 'severity': 'INFO', 'endpoint': '/registry/documents', 'query_string': None, 'data': {'doc_code': 'DOC-8'}, 'error': 'Document created'}
{'timestamp': '2026-06-09T08:09:50.618227+00:00', 'severity': 'INFO', 'endpoint': '/registry/documents', 'query_string': None, 'data': {'title': 'Doc 9', 'classifier_system': 'MKS'}, 'error': None}
{'timestamp': '2026-06-09T08:09:50.620219+00:00', 'severity': 'INFO', 'endpoint': '/registry/documents', 'query_string': None, 'data': {'doc_code': 'DOC-9'}, 'error': 'Document created'}
{'timestamp': '2026-06-09T08:09:50.622631+00:00', 'severity': 'INFO', 'endpoint': '/registry/documents', 'query_string': None, 'data': {'title': 'Doc 10', 'classifier_system': 'MKS'}, 'error': None}
{'timestamp': '2026-06-09T08:09:50.624496+00:00', 'severity': 'INFO', 'endpoint': '/registry/documents', 'query_string': None, 'data': {'doc_code': 'DOC-10'}, 'error': 'Document created'}
{'timestamp': '2026-06-09T08:09:50.626055+00:00', 'severity': 'INFO', 'endpoint': '/registry/documents', 'query_string': None, 'data': {'title': 'Doc 11', 'classifier_system': 'MKS'}, 'error': None}
{'timestamp': '2026-06-09T08:09:50.627413+00:00', 'severity': 'INFO', 'endpoint': '/registry/documents', 'query_string': None, 'data': {'doc_code': 'DOC-11'}, 'error': 'Document created'}
{'timestamp': '2026-06-09T08:09:50.628937+00:00', 'severity': 'INFO', 'endpoint': '/registry/documents', 'query_string': None, 'data': {'title': 'Doc 12', 'classifier_system': 'MKS'}, 'error': None}
{'timestamp': '2026-06-09T08:09:50.630202+00:00', 'severity': 'INFO', 'endpoint': '/registry/documents', 'query_string': None, 'data': {'doc_code': 'DOC-12'}, 'error': 'Document created'}
{'timestamp': '2026-06-09T08:09:50.631840+00:00', 'severity': 'INFO', 'endpoint': '/registry/documents', 'query_string': None, 'data': {'title': 'Doc 13', 'classifier_system': 'MKS'}, 'error': None}
{'timestamp': '2026-06-09T08:09:50.633109+00:00', 'severity': 'INFO', 'endpoint': '/registry/documents', 'query_string': None, 'data': {'doc_code': 'DOC-13'}, 'error': 'Document created'}
{'timestamp': '2026-06-09T08:09:50.634951+00:00', 'severity': 'INFO', 'endpoint': '/registry/documents', 'query_string': None, 'data': {'title': 'Doc 14', 'classifier_system': 'MKS'}, 'error': None}
{'timestamp': '2026-06-09T08:09:50.637210+00:00', 'severity': 'INFO', 'endpoint': '/registry/documents', 'query_string': None, 'data': {'doc_code': 'DOC-14'}, 'error': 'Document created'}
{'timestamp': '2026-06-09T08:09:50.639242+00:00', 'severity': 'INFO', 'endpoint': '/registry/documents', 'query_string': None, 'data': None, 'error': None}
{'timestamp': '2026-06-09T08:09:50.655052+00:00', 'severity': 'INFO', 'endpoint': '/registry/documents', 'query_string': None, 'data': {'title': 'Doc 2', 'classifier_system': 'MKS'}, 'error': None}
{'timestamp': '2026-06-09T08:09:50.656958+00:00', 'severity': 'INFO', 'endpoint': '/registry/documents', 'query_string': None, 'data': {'doc_code': 'DOC-2'}, 'error': 'Document created'}
{'timestamp': '2026-06-09T08:09:50.658776+00:00', 'severity': 'INFO', 'endpoint': '/registry/documents/1', 'query_string': None, 'data': None, 'error': None}
{'timestamp': '2026-06-09T08:09:50.676566+00:00', 'severity': 'INFO', 'endpoint': '/registry/documents/00000000-0000-0000-0000-000000000000', 'query_string': None, 'data': None, 'error': None}
{'timestamp': '2026-06-09T08:09:50.677000+00:00', 'severity': 'WARNING', 'endpoint': '/registry/documents/00000000-0000-0000-0000-000000000000', 'query_string': None, 'data': None, 'error': 'Document not found'}
{'timestamp': '2026-06-09T08:09:50.693782+00:00', 'severity': 'INFO', 'endpoint': '/registry/documents', 'query_string': None, 'data': {'title': 'Doc 3', 'classifier_system': 'MKS'}, 'error': None}
{'timestamp': '2026-06-09T08:09:50.696137+00:00', 'severity': 'INFO', 'endpoint': '/registry/documents', 'query_string': None, 'data': {'doc_code': 'DOC-3'}, 'error': 'Document created'}
{'timestamp': '2026-06-09T08:09:50.699258+00:00', 'severity': 'INFO', 'endpoint': '/registry/documents/1', 'query_string': None, 'data': {'title': 'Updated Doc 3'}, 'error': None}
{'timestamp': '2026-06-09T08:09:50.701290+00:00', 'severity': 'INFO', 'endpoint': '/registry/documents/1', 'query_string': None, 'data': {'title': 'Updated Doc 3'}, 'error': 'Document updated'}
{'timestamp': '2026-06-09T08:09:50.717310+00:00', 'severity': 'INFO', 'endpoint': '/registry/documents/00000000-0000-0000-0000-000000000000', 'query_string': None, 'data': {'title': 'Updated'}, 'error': None}
{'timestamp': '2026-06-09T08:09:50.717711+00:00', 'severity': 'WARNING', 'endpoint': '/registry/documents/00000000-0000-0000-0000-000000000000', 'query_string': None, 'data': None, 'error': 'Document not found'}
{'timestamp': '2026-06-09T08:09:50.733930+00:00', 'severity': 'INFO', 'endpoint': '/registry/documents', 'query_string': None, 'data': {'title': 'Doc 4', 'classifier_system': 'MKS'}, 'error': None}
{'timestamp': '2026-06-09T08:09:50.738617+00:00', 'severity': 'INFO', 'endpoint': '/registry/documents', 'query_string': None, 'data': {'doc_code': 'DOC-4'}, 'error': 'Document created'}
{'timestamp': '2026-06-09T08:09:50.741915+00:00', 'severity': 'INFO', 'endpoint': '/registry/documents/1', 'query_string': None, 'data': None, 'error': None}
{'timestamp': '2026-06-09T08:09:50.743564+00:00', 'severity': 'INFO', 'endpoint': '/registry/documents/1', 'query_string': None, 'data': None, 'error': 'Document deleted'}
{'timestamp': '2026-06-09T08:09:50.745225+00:00', 'severity': 'INFO', 'endpoint': '/registry/documents/1', 'query_string': None, 'data': None, 'error': None}
{'timestamp': '2026-06-09T08:09:50.745986+00:00', 'severity': 'WARNING', 'endpoint': '/registry/documents/1', 'query_string': None, 'data': None, 'error': 'Document not found'}
{'timestamp': '2026-06-09T08:09:50.762119+00:00', 'severity': 'INFO', 'endpoint': '/registry/documents/00000000-0000-0000-0000-000000000000', 'query_string': None, 'data': None, 'error': None}
{'timestamp': '2026-06-09T08:09:50.762471+00:00', 'severity': 'WARNING', 'endpoint': '/registry/documents/00000000-0000-0000-0000-000000000000', 'query_string': None, 'data': None, 'error': 'Document not found'}
{'timestamp': '2026-06-09T08:09:50.781425+00:00', 'severity': 'INFO', 'endpoint': '/registry/documents', 'query_string': None, 'data': {'title': 'Doc Patch Status', 'classifier_system': 'MKS', 'status': 'draft'}, 'error': None}
{'timestamp': '2026-06-09T08:09:50.784207+00:00', 'severity': 'INFO', 'endpoint': '/registry/documents', 'query_string': None, 'data': {'doc_code': 'DOC-PATCH-STATUS'}, 'error': 'Document created'}
{'timestamp': '2026-06-09T08:09:50.787479+00:00', 'severity': 'INFO', 'endpoint': '/registry/documents/1/status', 'query_string': None, 'data': {'status': 'uploaded', 'comment': 'moving to uploaded', 'changed_by': 'test_user'}, 'error': None}
{'timestamp': '2026-06-09T08:09:50.791585+00:00', 'severity': 'INFO', 'endpoint': '/registry/documents/1/status', 'query_string': None, 'data': {'status': 'uploaded', 'comment': 'moving to uploaded', 'changed_by': 'test_user'}, 'error': 'Document status updated'}
{'timestamp': '2026-06-09T08:09:50.793797+00:00', 'severity': 'INFO', 'endpoint': '/registry/documents/1/status', 'query_string': None, 'data': {'status': 'approved'}, 'error': None}
{'timestamp': '2026-06-09T08:09:50.795829+00:00', 'severity': 'INFO', 'endpoint': '/registry/documents/1/status', 'query_string': None, 'data': {'status': 'unknown_status'}, 'error': None}
{'timestamp': '2026-06-09T08:09:50.810637+00:00', 'severity': 'INFO', 'endpoint': '/registry/documents/00000000-0000-0000-0000-000000000000/status', 'query_string': None, 'data': {'status': 'approved'}, 'error': None}
{'timestamp': '2026-06-09T08:09:50.825588+00:00', 'severity': 'INFO', 'endpoint': '/registry/documents', 'query_string': None, 'data': {'title': 'Export Doc 1', 'classifier_system': 'MKS'}, 'error': None}
{'timestamp': '2026-06-09T08:09:50.827508+00:00', 'severity': 'INFO', 'endpoint': '/registry/documents', 'query_string': None, 'data': {'doc_code': 'EXPORT-DOC-1'}, 'error': 'Document created'}
{'timestamp': '2026-06-09T08:09:50.829518+00:00', 'severity': 'INFO', 'endpoint': '/registry/documents/export', 'query_string': None, 'data': None, 'error': None}
{'timestamp': '2026-06-09T08:09:50.845464+00:00', 'severity': 'INFO', 'endpoint': '/registry/documents/import', 'query_string': None, 'data': None, 'error': None}
{'timestamp': '2026-06-09T08:09:50.859450+00:00', 'severity': 'INFO', 'endpoint': '/registry/documents', 'query_string': None, 'data': {'title': 'History Doc', 'classifier_system': 'MKS'}, 'error': None}
{'timestamp': '2026-06-09T08:09:50.861298+00:00', 'severity': 'INFO', 'endpoint': '/registry/documents', 'query_string': None, 'data': {'doc_code': 'HISTORY-DOC'}, 'error': 'Document created'}
{'timestamp': '2026-06-09T08:09:50.863481+00:00', 'severity': 'INFO', 'endpoint': '/registry/documents/1/history', 'query_string': None, 'data': None, 'error': None}
{'timestamp': '2026-06-09T08:09:50.878533+00:00', 'severity': 'INFO', 'endpoint': '/registry/documents', 'query_string': None, 'data': {'title': 'Succession Doc', 'classifier_system': 'MKS'}, 'error': None}
{'timestamp': '2026-06-09T08:09:50.880445+00:00', 'severity': 'INFO', 'endpoint': '/registry/documents', 'query_string': None, 'data': {'doc_code': 'SUCCESSION-DOC'}, 'error': 'Document created'}
{'timestamp': '2026-06-09T08:09:50.882348+00:00', 'severity': 'INFO', 'endpoint': '/registry/documents/1/succession', 'query_string': None, 'data': None, 'error': None}
{'timestamp': '2026-06-09T08:09:50.895956+00:00', 'severity': 'INFO', 'endpoint': '/registry/documents', 'query_string': None, 'data': {'document': {'metadata': {'title': 'Pipeline Test Doc', 'doc_code': 'PL-001', 'source_type': 'GOST', 'mks_oks_code': '01.01.01', 'era': 'RF', 'status': 'uploaded'}, 'source': {'file_hash_sha256': 'abcdef1234567890abcdef1234567890abcdef1234567890abcdef1234567890'}, 'content': [{'clause': '1', 'title': 'Introduction', 'level': 1, 'type': 'text', 'content': 'This is a pipeline section'}], 'terminology': [{'term': 'PipelineTerm', 'normalized_term': 'pipelineterm', 'definition': 'A term created via pipeline'}], 'references': [{'target_doc_code': 'REF-001', 'type': 'replaces', 'context': 'replaces some older doc', 'current_status': 'active'}]}}, 'error': None}
{'timestamp': '2026-06-09T08:09:50.904659+00:00', 'severity': 'INFO', 'endpoint': '/registry/documents', 'query_string': None, 'data': {'document': {'metadata': {'title': 'Pipeline Test Doc', 'doc_code': 'PL-001', 'source_type': 'GOST', 'mks_oks_code': '01.01.01', 'era': 'RF', 'status': 'uploaded'}, 'source': {'file_hash_sha256': 'abcdef1234567890abcdef1234567890abcdef1234567890abcdef1234567890'}, 'content': [{'clause': '1', 'title': 'Introduction', 'level': 1, 'type': 'text', 'content': 'This is a pipeline section'}], 'terminology': [{'term': 'PipelineTerm', 'normalized_term': 'pipelineterm', 'definition': 'A term created via pipeline'}], 'references': [{'target_doc_code': 'REF-001', 'type': 'replaces', 'context': 'replaces some older doc', 'current_status': 'active'}]}}, 'error': None}
{'timestamp': '2026-06-09T08:09:50.918946+00:00', 'severity': 'INFO', 'endpoint': '/registry/documents', 'query_string': None, 'data': {'title': 'Filtered Doc Alpha', 'doc_code': 'FDA-01', 'classifier_system': 'MKS', 'era': 'USSR', 'source_type': 'GOST_R', 'validity_status': 'superseded', 'jurisdiction': 'RU'}, 'error': None}
{'timestamp': '2026-06-09T08:09:50.920983+00:00', 'severity': 'INFO', 'endpoint': '/registry/documents', 'query_string': None, 'data': {'doc_code': 'FDA-01'}, 'error': 'Document created'}
{'timestamp': '2026-06-09T08:09:50.922832+00:00', 'severity': 'INFO', 'endpoint': '/registry/documents', 'query_string': None, 'data': None, 'error': None}
{'timestamp': '2026-06-09T08:09:50.940067+00:00', 'severity': 'INFO', 'endpoint': '/registry/documents', 'query_string': None, 'data': {'title': 'Unique Doc', 'doc_code': 'UNQ-1', 'era': 'RF', 'status': 'approved'}, 'error': None}
{'timestamp': '2026-06-09T08:09:50.941866+00:00', 'severity': 'INFO', 'endpoint': '/registry/documents', 'query_string': None, 'data': {'doc_code': 'UNQ-1'}, 'error': 'Document created'}
{'timestamp': '2026-06-09T08:09:50.943616+00:00', 'severity': 'INFO', 'endpoint': '/registry/documents/check-uniqueness', 'query_string': None, 'data': {'title': 'Unique Doc', 'doc_code': 'UNQ-1', 'era': 'RF'}, 'error': None}
{'timestamp': '2026-06-09T08:09:50.959678+00:00', 'severity': 'INFO', 'endpoint': '/registry/documents', 'query_string': None, 'data': {'title': 'Sections Doc'}, 'error': None}
{'timestamp': '2026-06-09T08:09:50.961589+00:00', 'severity': 'INFO', 'endpoint': '/registry/documents', 'query_string': None, 'data': {'doc_code': 'SECTIONS-DOC'}, 'error': 'Document created'}
{'timestamp': '2026-06-09T08:09:50.963437+00:00', 'severity': 'INFO', 'endpoint': '/registry/documents/1/sections', 'query_string': None, 'data': None, 'error': None}
{'timestamp': '2026-06-09T08:09:50.983976+00:00', 'severity': 'INFO', 'endpoint': '/registry/documents', 'query_string': None, 'data': {'title': 'History Doc'}, 'error': None}
{'timestamp': '2026-06-09T08:09:50.987038+00:00', 'severity': 'INFO', 'endpoint': '/registry/documents', 'query_string': None, 'data': {'doc_code': 'HISTORY-DOC'}, 'error': 'Document created'}
{'timestamp': '2026-06-09T08:09:50.989259+00:00', 'severity': 'INFO', 'endpoint': '/registry/documents/1/history', 'query_string': None, 'data': None, 'error': None}
{'timestamp': '2026-06-09T08:09:51.003860+00:00', 'severity': 'INFO', 'endpoint': '/registry/documents', 'query_string': None, 'data': {'title': 'Pred', 'doc_code': 'P-1', 'era': 'USSR'}, 'error': None}
{'timestamp': '2026-06-09T08:09:51.005802+00:00', 'severity': 'INFO', 'endpoint': '/registry/documents', 'query_string': None, 'data': {'doc_code': 'P-1'}, 'error': 'Document created'}
{'timestamp': '2026-06-09T08:09:51.007497+00:00', 'severity': 'INFO', 'endpoint': '/registry/documents', 'query_string': None, 'data': {'title': 'Main', 'doc_code': 'M-1', 'era': 'USSR', 'predecessor_doc_id': 1}, 'error': None}
{'timestamp': '2026-06-09T08:09:51.008656+00:00', 'severity': 'INFO', 'endpoint': '/registry/documents', 'query_string': None, 'data': {'doc_code': 'M-1'}, 'error': 'Document created'}
{'timestamp': '2026-06-09T08:09:51.010050+00:00', 'severity': 'INFO', 'endpoint': '/registry/documents', 'query_string': None, 'data': {'title': 'Succ', 'doc_code': 'S-1', 'era': 'RF'}, 'error': None}
{'timestamp': '2026-06-09T08:09:51.011327+00:00', 'severity': 'INFO', 'endpoint': '/registry/documents', 'query_string': None, 'data': {'doc_code': 'S-1'}, 'error': 'Document created'}
{'timestamp': '2026-06-09T08:09:51.013109+00:00', 'severity': 'INFO', 'endpoint': '/registry/documents/2', 'query_string': None, 'data': {'successor_doc_id': 3}, 'error': None}
{'timestamp': '2026-06-09T08:09:51.014478+00:00', 'severity': 'INFO', 'endpoint': '/registry/documents/2', 'query_string': None, 'data': {'successor_doc_id': 3}, 'error': 'Document patched'}
{'timestamp': '2026-06-09T08:09:51.016219+00:00', 'severity': 'INFO', 'endpoint': '/registry/documents/2/succession', 'query_string': None, 'data': None, 'error': None}
{'timestamp': '2026-06-09T08:09:51.032144+00:00', 'severity': 'INFO', 'endpoint': '/registry/classifiers', 'query_string': None, 'data': {'classifier_system': 'MKS', 'code': '47.020', 'full_name': 'Hull'}, 'error': None}
{'timestamp': '2026-06-09T08:09:51.036817+00:00', 'severity': 'INFO', 'endpoint': '/registry/classifiers/validate', 'query_string': None, 'data': {'classification': {'mks_oks_code': '47.020', 'okstu_code': None, 'udk_code': None}}, 'error': None}
{'timestamp': '2026-06-09T08:09:51.050634+00:00', 'severity': 'INFO', 'endpoint': '/registry/documents', 'query_string': None, 'data': {'title': 'Pending Doc'}, 'error': None}
{'timestamp': '2026-06-09T08:09:51.052817+00:00', 'severity': 'INFO', 'endpoint': '/registry/documents', 'query_string': None, 'data': {'doc_code': 'PENDING-DOC'}, 'error': 'Document created'}
{'timestamp': '2026-06-09T08:09:51.055011+00:00', 'severity': 'INFO', 'endpoint': '/registry/classifiers/pending', 'query_string': None, 'data': None, 'error': None}
{'timestamp': '2026-06-09T08:09:51.060245+00:00', 'severity': 'INFO', 'endpoint': '/registry/classifiers/pending/1/accept', 'query_string': None, 'data': {'parent_code': '47.020', 'full_name': 'Other hull parts', 'admin_comment': 'ok'}, 'error': None}
{'timestamp': '2026-06-09T08:09:51.066136+00:00', 'severity': 'INFO', 'endpoint': '/registry/classifiers/pending/2/reject', 'query_string': None, 'data': {'admin_comment': 'invalid code'}, 'error': None}
{'timestamp': '2026-06-09T08:09:51.081173+00:00', 'severity': 'INFO', 'endpoint': '/registry/terminology', 'query_string': None, 'data': {'raw_term': 'Machine Learning', 'standard_term': 'Machine Learning', 'normalized_value': 'machine learning', 'term_type': 'term'}, 'error': None}
{'timestamp': '2026-06-09T08:09:51.095632+00:00', 'severity': 'INFO', 'endpoint': '/registry/terminology', 'query_string': None, 'data': {'raw_term': 'Duplicate Term', 'standard_term': 'Duplicate Term', 'normalized_value': 'duplicate term', 'term_type': 'term'}, 'error': None}
{'timestamp': '2026-06-09T08:09:51.098354+00:00', 'severity': 'INFO', 'endpoint': '/registry/terminology', 'query_string': None, 'data': {'raw_term': 'Duplicate Term', 'standard_term': 'Duplicate Term', 'normalized_value': 'duplicate term', 'term_type': 'term'}, 'error': None}
{'timestamp': '2026-06-09T08:09:51.111885+00:00', 'severity': 'INFO', 'endpoint': '/registry/terminology', 'query_string': None, 'data': {'standard_term': 'Test Term', 'normalized_value': 'test term', 'term_type': 'term'}, 'error': None}
{'timestamp': '2026-06-09T08:09:51.126509+00:00', 'severity': 'INFO', 'endpoint': '/registry/terminology', 'query_string': None, 'data': {'raw_term': 'Test Term', 'standard_term': 'Test Term', 'normalized_value': 'test term', 'term_type': 'term'}, 'error': None}
{'timestamp': '2026-06-09T08:09:51.129705+00:00', 'severity': 'INFO', 'endpoint': '/registry/terminology', 'query_string': None, 'data': {'raw_term': 'Another Term', 'standard_term': 'Another Term', 'normalized_value': 'another term', 'term_type': 'term'}, 'error': None}
{'timestamp': '2026-06-09T08:09:51.132434+00:00', 'severity': 'INFO', 'endpoint': '/registry/terminology', 'query_string': None, 'data': None, 'error': None}
{'timestamp': '2026-06-09T08:09:51.147410+00:00', 'severity': 'INFO', 'endpoint': '/registry/terminology', 'query_string': None, 'data': {'raw_term': 'IT Term 1', 'standard_term': 'IT Term 1', 'normalized_value': 'it term 1', 'term_type': 'acronym'}, 'error': None}
{'timestamp': '2026-06-09T08:09:51.150432+00:00', 'severity': 'INFO', 'endpoint': '/registry/terminology', 'query_string': None, 'data': {'raw_term': 'Building Term', 'standard_term': 'Building Term', 'normalized_value': 'building term', 'term_type': 'term'}, 'error': None}
{'timestamp': '2026-06-09T08:09:51.153213+00:00', 'severity': 'INFO', 'endpoint': '/registry/terminology', 'query_string': None, 'data': {'raw_term': 'IT Term 2', 'standard_term': 'IT Term 2', 'normalized_value': 'it term 2', 'term_type': 'acronym'}, 'error': None}
{'timestamp': '2026-06-09T08:09:51.155911+00:00', 'severity': 'INFO', 'endpoint': '/registry/terminology', 'query_string': None, 'data': None, 'error': None}
{'timestamp': '2026-06-09T08:09:51.171720+00:00', 'severity': 'INFO', 'endpoint': '/registry/terminology', 'query_string': None, 'data': {'raw_term': 'Machine Learning', 'standard_term': 'Machine Learning', 'normalized_value': 'machine learning', 'term_type': 'term'}, 'error': None}
{'timestamp': '2026-06-09T08:09:51.174957+00:00', 'severity': 'INFO', 'endpoint': '/registry/terminology', 'query_string': None, 'data': {'raw_term': 'Deep Learning', 'standard_term': 'Deep Learning', 'normalized_value': 'deep learning', 'term_type': 'term'}, 'error': None}
{'timestamp': '2026-06-09T08:09:51.177282+00:00', 'severity': 'INFO', 'endpoint': '/registry/terminology', 'query_string': None, 'data': {'raw_term': 'Other Concept', 'standard_term': 'Other Concept', 'normalized_value': 'other concept', 'term_type': 'term'}, 'error': None}
{'timestamp': '2026-06-09T08:09:51.179520+00:00', 'severity': 'INFO', 'endpoint': '/registry/terminology', 'query_string': None, 'data': None, 'error': None}
{'timestamp': '2026-06-09T08:09:51.197104+00:00', 'severity': 'INFO', 'endpoint': '/registry/terminology', 'query_string': None, 'data': {'raw_term': 'ML', 'standard_term': 'Machine Learning Acronym', 'normalized_value': 'ml', 'term_type': 'acronym'}, 'error': None}
{'timestamp': '2026-06-09T08:09:51.200824+00:00', 'severity': 'INFO', 'endpoint': '/registry/terminology', 'query_string': None, 'data': {'raw_term': 'AI', 'standard_term': 'Artificial Intelligence', 'normalized_value': 'ai', 'term_type': 'acronym'}, 'error': None}
{'timestamp': '2026-06-09T08:09:51.203963+00:00', 'severity': 'INFO', 'endpoint': '/registry/terminology', 'query_string': None, 'data': None, 'error': None}
{'timestamp': '2026-06-09T08:09:51.219598+00:00', 'severity': 'INFO', 'endpoint': '/registry/terminology', 'query_string': None, 'data': {'raw_term': 'ГОСТ', 'standard_term': 'ГОСТ', 'normalized_value': 'гост', 'term_type': 'standard_code', 'scope': ['Стандартизация', 'Судостроение'], 'synonyms': ['GOST']}, 'error': None}
{'timestamp': '2026-06-09T08:09:51.222832+00:00', 'severity': 'INFO', 'endpoint': '/registry/terminology', 'query_string': None, 'data': None, 'error': None}
{'timestamp': '2026-06-09T08:09:51.238622+00:00', 'severity': 'INFO', 'endpoint': '/registry/terminology', 'query_string': None, 'data': {'raw_term': 'Active Term', 'standard_term': 'Active Term', 'normalized_value': 'active term', 'term_type': 'term', 'is_blocked': False}, 'error': None}
{'timestamp': '2026-06-09T08:09:51.241428+00:00', 'severity': 'INFO', 'endpoint': '/registry/terminology', 'query_string': None, 'data': {'raw_term': 'Blocked Term', 'standard_term': 'Blocked Term', 'normalized_value': 'blocked term', 'term_type': 'term', 'is_blocked': True}, 'error': None}
{'timestamp': '2026-06-09T08:09:51.243650+00:00', 'severity': 'INFO', 'endpoint': '/registry/terminology', 'query_string': None, 'data': None, 'error': None}
{'timestamp': '2026-06-09T08:09:51.259371+00:00', 'severity': 'INFO', 'endpoint': '/registry/terminology', 'query_string': None, 'data': {'raw_term': 'Term 0', 'standard_term': 'Term 0', 'normalized_value': 'term 0', 'term_type': 'term'}, 'error': None}
{'timestamp': '2026-06-09T08:09:51.262584+00:00', 'severity': 'INFO', 'endpoint': '/registry/terminology', 'query_string': None, 'data': {'raw_term': 'Term 1', 'standard_term': 'Term 1', 'normalized_value': 'term 1', 'term_type': 'term'}, 'error': None}
{'timestamp': '2026-06-09T08:09:51.265358+00:00', 'severity': 'INFO', 'endpoint': '/registry/terminology', 'query_string': None, 'data': {'raw_term': 'Term 2', 'standard_term': 'Term 2', 'normalized_value': 'term 2', 'term_type': 'term'}, 'error': None}
{'timestamp': '2026-06-09T08:09:51.267806+00:00', 'severity': 'INFO', 'endpoint': '/registry/terminology', 'query_string': None, 'data': {'raw_term': 'Term 3', 'standard_term': 'Term 3', 'normalized_value': 'term 3', 'term_type': 'term'}, 'error': None}
{'timestamp': '2026-06-09T08:09:51.270671+00:00', 'severity': 'INFO', 'endpoint': '/registry/terminology', 'query_string': None, 'data': {'raw_term': 'Term 4', 'standard_term': 'Term 4', 'normalized_value': 'term 4', 'term_type': 'term'}, 'error': None}
{'timestamp': '2026-06-09T08:09:51.273353+00:00', 'severity': 'INFO', 'endpoint': '/registry/terminology', 'query_string': None, 'data': {'raw_term': 'Term 5', 'standard_term': 'Term 5', 'normalized_value': 'term 5', 'term_type': 'term'}, 'error': None}
{'timestamp': '2026-06-09T08:09:51.275865+00:00', 'severity': 'INFO', 'endpoint': '/registry/terminology', 'query_string': None, 'data': {'raw_term': 'Term 6', 'standard_term': 'Term 6', 'normalized_value': 'term 6', 'term_type': 'term'}, 'error': None}
{'timestamp': '2026-06-09T08:09:51.278226+00:00', 'severity': 'INFO', 'endpoint': '/registry/terminology', 'query_string': None, 'data': {'raw_term': 'Term 7', 'standard_term': 'Term 7', 'normalized_value': 'term 7', 'term_type': 'term'}, 'error': None}
{'timestamp': '2026-06-09T08:09:51.280312+00:00', 'severity': 'INFO', 'endpoint': '/registry/terminology', 'query_string': None, 'data': {'raw_term': 'Term 8', 'standard_term': 'Term 8', 'normalized_value': 'term 8', 'term_type': 'term'}, 'error': None}
{'timestamp': '2026-06-09T08:09:51.282371+00:00', 'severity': 'INFO', 'endpoint': '/registry/terminology', 'query_string': None, 'data': {'raw_term': 'Term 9', 'standard_term': 'Term 9', 'normalized_value': 'term 9', 'term_type': 'term'}, 'error': None}
{'timestamp': '2026-06-09T08:09:51.284494+00:00', 'severity': 'INFO', 'endpoint': '/registry/terminology', 'query_string': None, 'data': {'raw_term': 'Term 10', 'standard_term': 'Term 10', 'normalized_value': 'term 10', 'term_type': 'term'}, 'error': None}
{'timestamp': '2026-06-09T08:09:51.286728+00:00', 'severity': 'INFO', 'endpoint': '/registry/terminology', 'query_string': None, 'data': {'raw_term': 'Term 11', 'standard_term': 'Term 11', 'normalized_value': 'term 11', 'term_type': 'term'}, 'error': None}
{'timestamp': '2026-06-09T08:09:51.288940+00:00', 'severity': 'INFO', 'endpoint': '/registry/terminology', 'query_string': None, 'data': {'raw_term': 'Term 12', 'standard_term': 'Term 12', 'normalized_value': 'term 12', 'term_type': 'term'}, 'error': None}
{'timestamp': '2026-06-09T08:09:51.291175+00:00', 'severity': 'INFO', 'endpoint': '/registry/terminology', 'query_string': None, 'data': {'raw_term': 'Term 13', 'standard_term': 'Term 13', 'normalized_value': 'term 13', 'term_type': 'term'}, 'error': None}
{'timestamp': '2026-06-09T08:09:51.293206+00:00', 'severity': 'INFO', 'endpoint': '/registry/terminology', 'query_string': None, 'data': {'raw_term': 'Term 14', 'standard_term': 'Term 14', 'normalized_value': 'term 14', 'term_type': 'term'}, 'error': None}
{'timestamp': '2026-06-09T08:09:51.295403+00:00', 'severity': 'INFO', 'endpoint': '/registry/terminology', 'query_string': None, 'data': None, 'error': None}
{'timestamp': '2026-06-09T08:09:51.310248+00:00', 'severity': 'INFO', 'endpoint': '/registry/terminology', 'query_string': None, 'data': {'raw_term': 'Specific Term', 'standard_term': 'Specific Term', 'normalized_value': 'specific term', 'term_type': 'term'}, 'error': None}
{'timestamp': '2026-06-09T08:09:51.313295+00:00', 'severity': 'INFO', 'endpoint': '/registry/terminology/1', 'query_string': None, 'data': None, 'error': None}
{'timestamp': '2026-06-09T08:09:51.327219+00:00', 'severity': 'INFO', 'endpoint': '/registry/terminology/00000000-0000-0000-0000-000000000000', 'query_string': None, 'data': None, 'error': None}
{'timestamp': '2026-06-09T08:09:51.340932+00:00', 'severity': 'INFO', 'endpoint': '/registry/terminology', 'query_string': None, 'data': {'raw_term': 'Original Term', 'standard_term': 'Original Term', 'normalized_value': 'original term', 'term_type': 'term'}, 'error': None}
{'timestamp': '2026-06-09T08:09:51.344247+00:00', 'severity': 'INFO', 'endpoint': '/registry/terminology/1', 'query_string': None, 'data': {'standard_term': 'Updated Term'}, 'error': None}
{'timestamp': '2026-06-09T08:09:51.358740+00:00', 'severity': 'INFO', 'endpoint': '/registry/terminology/00000000-0000-0000-0000-000000000000', 'query_string': None, 'data': {'standard_term': 'Updated Term'}, 'error': None}
{'timestamp': '2026-06-09T08:09:51.372346+00:00', 'severity': 'INFO', 'endpoint': '/registry/terminology', 'query_string': None, 'data': {'raw_term': 'To Delete', 'standard_term': 'To Delete', 'normalized_value': 'to delete', 'term_type': 'term'}, 'error': None}
{'timestamp': '2026-06-09T08:09:51.375653+00:00', 'severity': 'INFO', 'endpoint': '/registry/terminology/1', 'query_string': None, 'data': None, 'error': None}
{'timestamp': '2026-06-09T08:09:51.377772+00:00', 'severity': 'INFO', 'endpoint': '/registry/terminology/1', 'query_string': None, 'data': None, 'error': None}
{'timestamp': '2026-06-09T08:09:51.391537+00:00', 'severity': 'INFO', 'endpoint': '/registry/terminology/00000000-0000-0000-0000-000000000000', 'query_string': None, 'data': None, 'error': None}
{'timestamp': '2026-06-09T08:09:51.404549+00:00', 'severity': 'INFO', 'endpoint': '/registry/terminology', 'query_string': None, 'data': {'raw_term': 'CPU', 'standard_term': 'CPU', 'normalized_value': 'cpu', 'term_type': 'acronym'}, 'error': None}
{'timestamp': '2026-06-09T08:09:51.407802+00:00', 'severity': 'INFO', 'endpoint': '/registry/terminology/normalize', 'query_string': None, 'data': None, 'error': None}
{'timestamp': '2026-06-09T08:09:51.421928+00:00', 'severity': 'INFO', 'endpoint': '/registry/terminology/normalize', 'query_string': None, 'data': None, 'error': None}
{'timestamp': '2026-06-09T08:09:51.437658+00:00', 'severity': 'INFO', 'endpoint': '/registry/terminology', 'query_string': None, 'data': {'raw_term': 'Patch Term', 'standard_term': 'Patch Term', 'normalized_value': 'patch term', 'term_type': 'term'}, 'error': None}
{'timestamp': '2026-06-09T08:09:51.441065+00:00', 'severity': 'INFO', 'endpoint': '/registry/terminology/1', 'query_string': None, 'data': {'definition': 'This is a patch test'}, 'error': None}
{'timestamp': '2026-06-09T08:09:51.456889+00:00', 'severity': 'INFO', 'endpoint': '/registry/terminology/import', 'query_string': None, 'data': None, 'error': None}
{'timestamp': '2026-06-09T10:28:11.088338+00:00', 'severity': 'INFO', 'endpoint': '/registry/classifiers', 'query_string': None, 'data': {'classifier_system': 'MKS', 'code': 'TEST_01', 'full_name': 'Test Classifier'}, 'error': None}
{'timestamp': '2026-06-09T10:28:11.107179+00:00', 'severity': 'INFO', 'endpoint': '/registry/classifiers', 'query_string': None, 'data': {'classifier_system': 'MKS', 'code': 'TEST_DUP', 'full_name': 'Test Classifier'}, 'error': None}
{'timestamp': '2026-06-09T10:28:11.110031+00:00', 'severity': 'INFO', 'endpoint': '/registry/classifiers', 'query_string': None, 'data': {'classifier_system': 'MKS', 'code': 'TEST_DUP', 'full_name': 'Test Classifier'}, 'error': None}
{'timestamp': '2026-06-09T10:28:11.125241+00:00', 'severity': 'INFO', 'endpoint': '/registry/classifiers', 'query_string': None, 'data': {'classifier_system': 'MKS', 'code': 'TEST_VAL'}, 'error': None}
{'timestamp': '2026-06-09T10:28:11.141188+00:00', 'severity': 'INFO', 'endpoint': '/registry/classifiers', 'query_string': None, 'data': {'classifier_system': 'MKS', 'code': 'TEST_02', 'full_name': 'Test 2'}, 'error': None}
{'timestamp': '2026-06-09T10:28:11.144285+00:00', 'severity': 'INFO', 'endpoint': '/registry/classifiers', 'query_string': None, 'data': {'classifier_system': 'OKSTU', 'code': 'TEST_03', 'full_name': 'Test 3'}, 'error': None}
{'timestamp': '2026-06-09T10:28:11.147172+00:00', 'severity': 'INFO', 'endpoint': '/registry/classifiers', 'query_string': None, 'data': None, 'error': None}
{'timestamp': '2026-06-09T10:28:11.164032+00:00', 'severity': 'INFO', 'endpoint': '/registry/classifiers', 'query_string': None, 'data': {'classifier_system': 'MKS', 'code': 'TEST_MKS', 'full_name': 'Test MKS'}, 'error': None}
{'timestamp': '2026-06-09T10:28:11.167024+00:00', 'severity': 'INFO', 'endpoint': '/registry/classifiers', 'query_string': None, 'data': {'classifier_system': 'OKSTU', 'code': 'TEST_OKSTU', 'full_name': 'Test OKSTU'}, 'error': None}
{'timestamp': '2026-06-09T10:28:11.169524+00:00', 'severity': 'INFO', 'endpoint': '/registry/classifiers', 'query_string': None, 'data': {'classifier_system': 'MKS', 'code': 'TEST_ACTIVE', 'full_name': 'Test Active', 'status': 'active'}, 'error': None}
{'timestamp': '2026-06-09T10:28:11.172388+00:00', 'severity': 'INFO', 'endpoint': '/registry/classifiers', 'query_string': None, 'data': None, 'error': None}
{'timestamp': '2026-06-09T10:28:11.176176+00:00', 'severity': 'INFO', 'endpoint': '/registry/classifiers', 'query_string': None, 'data': None, 'error': None}
{'timestamp': '2026-06-09T10:28:11.190794+00:00', 'severity': 'INFO', 'endpoint': '/registry/classifiers', 'query_string': None, 'data': {'classifier_system': 'MKS', 'code': 'TEST_SEARCH', 'full_name': 'Machine Learning Classifier'}, 'error': None}
{'timestamp': '2026-06-09T10:28:11.193766+00:00', 'severity': 'INFO', 'endpoint': '/registry/classifiers', 'query_string': None, 'data': {'classifier_system': 'MKS', 'code': 'TEST_OTHER', 'full_name': 'Other Classifier'}, 'error': None}
{'timestamp': '2026-06-09T10:28:11.196308+00:00', 'severity': 'INFO', 'endpoint': '/registry/classifiers', 'query_string': None, 'data': None, 'error': None}
{'timestamp': '2026-06-09T10:28:11.211709+00:00', 'severity': 'INFO', 'endpoint': '/registry/classifiers', 'query_string': None, 'data': {'classifier_system': 'MKS', 'code': 'TEST_PAGE_0', 'full_name': 'Test 0'}, 'error': None}
{'timestamp': '2026-06-09T10:28:11.214665+00:00', 'severity': 'INFO', 'endpoint': '/registry/classifiers', 'query_string': None, 'data': {'classifier_system': 'MKS', 'code': 'TEST_PAGE_1', 'full_name': 'Test 1'}, 'error': None}
{'timestamp': '2026-06-09T10:28:11.216813+00:00', 'severity': 'INFO', 'endpoint': '/registry/classifiers', 'query_string': None, 'data': {'classifier_system': 'MKS', 'code': 'TEST_PAGE_2', 'full_name': 'Test 2'}, 'error': None}
{'timestamp': '2026-06-09T10:28:11.219111+00:00', 'severity': 'INFO', 'endpoint': '/registry/classifiers', 'query_string': None, 'data': {'classifier_system': 'MKS', 'code': 'TEST_PAGE_3', 'full_name': 'Test 3'}, 'error': None}
{'timestamp': '2026-06-09T10:28:11.221686+00:00', 'severity': 'INFO', 'endpoint': '/registry/classifiers', 'query_string': None, 'data': {'classifier_system': 'MKS', 'code': 'TEST_PAGE_4', 'full_name': 'Test 4'}, 'error': None}
{'timestamp': '2026-06-09T10:28:11.224270+00:00', 'severity': 'INFO', 'endpoint': '/registry/classifiers', 'query_string': None, 'data': {'classifier_system': 'MKS', 'code': 'TEST_PAGE_5', 'full_name': 'Test 5'}, 'error': None}
{'timestamp': '2026-06-09T10:28:11.226413+00:00', 'severity': 'INFO', 'endpoint': '/registry/classifiers', 'query_string': None, 'data': {'classifier_system': 'MKS', 'code': 'TEST_PAGE_6', 'full_name': 'Test 6'}, 'error': None}
{'timestamp': '2026-06-09T10:28:11.228737+00:00', 'severity': 'INFO', 'endpoint': '/registry/classifiers', 'query_string': None, 'data': {'classifier_system': 'MKS', 'code': 'TEST_PAGE_7', 'full_name': 'Test 7'}, 'error': None}
{'timestamp': '2026-06-09T10:28:11.230920+00:00', 'severity': 'INFO', 'endpoint': '/registry/classifiers', 'query_string': None, 'data': {'classifier_system': 'MKS', 'code': 'TEST_PAGE_8', 'full_name': 'Test 8'}, 'error': None}
{'timestamp': '2026-06-09T10:28:11.233067+00:00', 'severity': 'INFO', 'endpoint': '/registry/classifiers', 'query_string': None, 'data': {'classifier_system': 'MKS', 'code': 'TEST_PAGE_9', 'full_name': 'Test 9'}, 'error': None}
{'timestamp': '2026-06-09T10:28:11.235308+00:00', 'severity': 'INFO', 'endpoint': '/registry/classifiers', 'query_string': None, 'data': {'classifier_system': 'MKS', 'code': 'TEST_PAGE_10', 'full_name': 'Test 10'}, 'error': None}
{'timestamp': '2026-06-09T10:28:11.238392+00:00', 'severity': 'INFO', 'endpoint': '/registry/classifiers', 'query_string': None, 'data': {'classifier_system': 'MKS', 'code': 'TEST_PAGE_11', 'full_name': 'Test 11'}, 'error': None}
{'timestamp': '2026-06-09T10:28:11.240592+00:00', 'severity': 'INFO', 'endpoint': '/registry/classifiers', 'query_string': None, 'data': {'classifier_system': 'MKS', 'code': 'TEST_PAGE_12', 'full_name': 'Test 12'}, 'error': None}
{'timestamp': '2026-06-09T10:28:11.242775+00:00', 'severity': 'INFO', 'endpoint': '/registry/classifiers', 'query_string': None, 'data': {'classifier_system': 'MKS', 'code': 'TEST_PAGE_13', 'full_name': 'Test 13'}, 'error': None}
{'timestamp': '2026-06-09T10:28:11.244871+00:00', 'severity': 'INFO', 'endpoint': '/registry/classifiers', 'query_string': None, 'data': {'classifier_system': 'MKS', 'code': 'TEST_PAGE_14', 'full_name': 'Test 14'}, 'error': None}
{'timestamp': '2026-06-09T10:28:11.247102+00:00', 'severity': 'INFO', 'endpoint': '/registry/classifiers', 'query_string': None, 'data': None, 'error': None}
{'timestamp': '2026-06-09T10:28:11.261498+00:00', 'severity': 'INFO', 'endpoint': '/registry/classifiers', 'query_string': None, 'data': {'classifier_system': 'MKS', 'code': 'TEST_03', 'full_name': 'Test 3'}, 'error': None}
{'timestamp': '2026-06-09T10:28:11.264550+00:00', 'severity': 'INFO', 'endpoint': '/registry/classifiers/TEST_03', 'query_string': None, 'data': None, 'error': None}
{'timestamp': '2026-06-09T10:28:11.277629+00:00', 'severity': 'INFO', 'endpoint': '/registry/classifiers/NONEXISTENT', 'query_string': None, 'data': None, 'error': None}
{'timestamp': '2026-06-09T10:28:11.291547+00:00', 'severity': 'INFO', 'endpoint': '/registry/classifiers', 'query_string': None, 'data': {'classifier_system': 'MKS', 'code': 'TEST_04', 'full_name': 'Test 4'}, 'error': None}
{'timestamp': '2026-06-09T10:28:11.294823+00:00', 'severity': 'INFO', 'endpoint': '/registry/classifiers/TEST_04', 'query_string': None, 'data': {'full_name': 'Updated Test 4'}, 'error': None}
{'timestamp': '2026-06-09T10:28:11.309196+00:00', 'severity': 'INFO', 'endpoint': '/registry/classifiers/NONEXISTENT', 'query_string': None, 'data': {'full_name': 'Updated Name'}, 'error': None}
{'timestamp': '2026-06-09T10:28:11.323493+00:00', 'severity': 'INFO', 'endpoint': '/registry/classifiers', 'query_string': None, 'data': {'classifier_system': 'MKS', 'code': 'TEST_05', 'full_name': 'Test 5'}, 'error': None}
{'timestamp': '2026-06-09T10:28:11.326860+00:00', 'severity': 'INFO', 'endpoint': '/registry/classifiers/TEST_05', 'query_string': None, 'data': None, 'error': None}
{'timestamp': '2026-06-09T10:28:11.334002+00:00', 'severity': 'INFO', 'endpoint': '/registry/classifiers/TEST_05', 'query_string': None, 'data': None, 'error': None}
{'timestamp': '2026-06-09T10:28:11.351130+00:00', 'severity': 'INFO', 'endpoint': '/registry/classifiers', 'query_string': None, 'data': {'classifier_system': 'MKS', 'code': 'PARENT', 'full_name': 'Parent'}, 'error': None}
{'timestamp': '2026-06-09T10:28:11.354476+00:00', 'severity': 'INFO', 'endpoint': '/registry/classifiers', 'query_string': None, 'data': {'classifier_system': 'MKS', 'code': 'CHILD', 'full_name': 'Child', 'parent_code': 'PARENT'}, 'error': None}
{'timestamp': '2026-06-09T10:28:11.356858+00:00', 'severity': 'INFO', 'endpoint': '/registry/classifiers/PARENT', 'query_string': None, 'data': None, 'error': None}
{'timestamp': '2026-06-09T10:28:11.358908+00:00', 'severity': 'INFO', 'endpoint': '/registry/classifiers/PARENT', 'query_string': None, 'data': None, 'error': None}
{'timestamp': '2026-06-09T10:28:11.374514+00:00', 'severity': 'INFO', 'endpoint': '/registry/classifiers/NONEXISTENT', 'query_string': None, 'data': None, 'error': None}
{'timestamp': '2026-06-09T10:28:11.389134+00:00', 'severity': 'INFO', 'endpoint': '/registry/classifiers', 'query_string': None, 'data': {'classifier_system': 'MKS', 'code': 'ROOT_1', 'full_name': 'Root Classifier'}, 'error': None}
{'timestamp': '2026-06-09T10:28:11.391901+00:00', 'severity': 'INFO', 'endpoint': '/registry/classifiers', 'query_string': None, 'data': {'classifier_system': 'MKS', 'code': 'CHILD_1', 'full_name': 'Child Classifier', 'parent_code': 'ROOT_1'}, 'error': None}
{'timestamp': '2026-06-09T10:28:11.396556+00:00', 'severity': 'INFO', 'endpoint': '/registry/classifiers', 'query_string': None, 'data': {'classifier_system': 'MKS', 'code': 'CHILD_2', 'full_name': 'Child 2', 'parent_code': 'ROOT_1'}, 'error': None}
{'timestamp': '2026-06-09T10:28:11.398989+00:00', 'severity': 'INFO', 'endpoint': '/registry/classifiers/tree', 'query_string': None, 'data': None, 'error': None}
{'timestamp': '2026-06-09T10:28:11.413024+00:00', 'severity': 'INFO', 'endpoint': '/registry/classifiers', 'query_string': None, 'data': {'classifier_system': 'MKS', 'code': 'ROOT_A', 'full_name': 'Root A'}, 'error': None}
{'timestamp': '2026-06-09T10:28:11.415897+00:00', 'severity': 'INFO', 'endpoint': '/registry/classifiers', 'query_string': None, 'data': {'classifier_system': 'MKS', 'code': 'ROOT_B', 'full_name': 'Root B'}, 'error': None}
{'timestamp': '2026-06-09T10:28:11.418163+00:00', 'severity': 'INFO', 'endpoint': '/registry/classifiers', 'query_string': None, 'data': {'classifier_system': 'MKS', 'code': 'CHILD_A', 'full_name': 'Child A', 'parent_code': 'ROOT_A'}, 'error': None}
{'timestamp': '2026-06-09T10:28:11.420759+00:00', 'severity': 'INFO', 'endpoint': '/registry/classifiers/tree', 'query_string': None, 'data': None, 'error': None}
{'timestamp': '2026-06-09T10:28:11.433947+00:00', 'severity': 'INFO', 'endpoint': '/registry/classifiers', 'query_string': None, 'data': {'classifier_system': 'MKS', 'code': 'ROOT_SEARCH', 'full_name': 'Machine Learning Root'}, 'error': None}
{'timestamp': '2026-06-09T10:28:11.437500+00:00', 'severity': 'INFO', 'endpoint': '/registry/classifiers', 'query_string': None, 'data': {'classifier_system': 'MKS', 'code': 'CHILD_SEARCH', 'full_name': 'ML Child', 'parent_code': 'ROOT_SEARCH'}, 'error': None}
{'timestamp': '2026-06-09T10:28:11.440354+00:00', 'severity': 'INFO', 'endpoint': '/registry/classifiers/tree', 'query_string': None, 'data': None, 'error': None}
{'timestamp': '2026-06-09T10:28:11.453440+00:00', 'severity': 'INFO', 'endpoint': '/registry/classifiers', 'query_string': None, 'data': {'classifier_system': 'MKS', 'code': 'TEST_PATCH', 'full_name': 'Original Name'}, 'error': None}
{'timestamp': '2026-06-09T10:28:11.456804+00:00', 'severity': 'INFO', 'endpoint': '/registry/classifiers/TEST_PATCH', 'query_string': None, 'data': {'full_name': 'Patched Name'}, 'error': None}
{'timestamp': '2026-06-09T10:28:11.471630+00:00', 'severity': 'INFO', 'endpoint': '/registry/classifiers/NONEXISTENT', 'query_string': None, 'data': {'full_name': 'Patched Name'}, 'error': None}
{'timestamp': '2026-06-09T10:28:11.486840+00:00', 'severity': 'INFO', 'endpoint': '/registry/classifiers/import', 'query_string': None, 'data': None, 'error': None}
{'timestamp': '2026-06-09T10:28:11.499627+00:00', 'severity': 'INFO', 'endpoint': '/registry/classifiers', 'query_string': None, 'data': {'classifier_system': 'MKS', 'code': 'PARENT_FILTER', 'full_name': 'Parent Filter'}, 'error': None}
{'timestamp': '2026-06-09T10:28:11.502788+00:00', 'severity': 'INFO', 'endpoint': '/registry/classifiers', 'query_string': None, 'data': {'classifier_system': 'MKS', 'code': 'CHILD_FILTER', 'full_name': 'Child Filter', 'parent_code': 'PARENT_FILTER'}, 'error': None}
{'timestamp': '2026-06-09T10:28:11.505427+00:00', 'severity': 'INFO', 'endpoint': '/registry/classifiers', 'query_string': None, 'data': {'classifier_system': 'MKS', 'code': 'ROOT_FILTER', 'full_name': 'Root Filter'}, 'error': None}
{'timestamp': '2026-06-09T10:28:11.507672+00:00', 'severity': 'INFO', 'endpoint': '/registry/classifiers', 'query_string': None, 'data': None, 'error': None}
{'timestamp': '2026-06-09T10:28:11.524023+00:00', 'severity': 'INFO', 'endpoint': '/registry/classifiers', 'query_string': None, 'data': {'classifier_system': 'MKS', 'code': 'H_ROOT', 'full_name': 'Hierarchical Root'}, 'error': None}
{'timestamp': '2026-06-09T10:28:11.526940+00:00', 'severity': 'INFO', 'endpoint': '/registry/classifiers', 'query_string': None, 'data': {'classifier_system': 'MKS', 'code': 'H_ROOT.CHILD1', 'full_name': 'Child 1', 'parent_code': 'H_ROOT'}, 'error': None}
{'timestamp': '2026-06-09T10:28:11.529327+00:00', 'severity': 'INFO', 'endpoint': '/registry/classifiers', 'query_string': None, 'data': {'classifier_system': 'MKS', 'code': 'H_ROOT.CHILD1.GRANDCHILD', 'full_name': 'Grandchild', 'parent_code': 'H_ROOT.CHILD1'}, 'error': None}
{'timestamp': '2026-06-09T10:28:11.531826+00:00', 'severity': 'INFO', 'endpoint': '/registry/classifiers/tree', 'query_string': None, 'data': None, 'error': None}
{'timestamp': '2026-06-09T10:28:11.545303+00:00', 'severity': 'INFO', 'endpoint': '/registry/classifiers', 'query_string': None, 'data': {'classifier_system': 'MKS', 'code': 'EFF_01', 'full_name': 'Effective Date Test', 'effective_date': '2026-06-08T00:00:00'}, 'error': None}
{'timestamp': '2026-06-09T10:28:11.559754+00:00', 'severity': 'INFO', 'endpoint': '/registry/classifiers', 'query_string': None, 'data': {'classifier_system': 'MKS', 'code': 'MKS_REF', 'full_name': 'Referenced Classifier'}, 'error': None}
{'timestamp': '2026-06-09T10:28:11.563560+00:00', 'severity': 'INFO', 'endpoint': '/registry/documents', 'query_string': None, 'data': {'title': 'Document Ref Test', 'doc_code': 'DOC_REF_01', 'mks_oks_code': 'MKS_REF'}, 'error': None}
{'timestamp': '2026-06-09T10:28:11.568062+00:00', 'severity': 'INFO', 'endpoint': '/registry/documents', 'query_string': None, 'data': {'doc_code': 'DOC_REF_01'}, 'error': 'Document created'}
{'timestamp': '2026-06-09T10:28:11.570782+00:00', 'severity': 'INFO', 'endpoint': '/registry/classifiers/MKS_REF', 'query_string': None, 'data': None, 'error': None}
{'timestamp': '2026-06-09T10:28:11.586138+00:00', 'severity': 'INFO', 'endpoint': '/registry/classifiers', 'query_string': None, 'data': {'classifier_system': 'MKS', 'code': '47.020', 'full_name': 'Parent Section'}, 'error': None}
{'timestamp': '2026-06-09T10:28:11.591865+00:00', 'severity': 'INFO', 'endpoint': '/registry/classifiers/pending', 'query_string': None, 'data': None, 'error': None}
{'timestamp': '2026-06-09T10:28:11.609387+00:00', 'severity': 'INFO', 'endpoint': '/registry/enums', 'query_string': None, 'data': None, 'error': None}
{'timestamp': '2026-06-09T10:28:11.623738+00:00', 'severity': 'INFO', 'endpoint': '/registry/enums', 'query_string': None, 'data': None, 'error': None}
{'timestamp': '2026-06-09T10:28:11.639306+00:00', 'severity': 'INFO', 'endpoint': '/registry/stats', 'query_string': None, 'data': None, 'error': None}
{'timestamp': '2026-06-09T10:28:11.666014+00:00', 'severity': 'INFO', 'endpoint': '/registry/classifiers', 'query_string': None, 'data': {'classifier_system': 'MKS', 'code': 'STATS_01', 'full_name': 'Stats Classifier'}, 'error': None}
{'timestamp': '2026-06-09T10:28:11.669641+00:00', 'severity': 'INFO', 'endpoint': '/registry/classifiers', 'query_string': None, 'data': {'classifier_system': 'MKS', 'code': 'STATS_02', 'full_name': 'Stats Classifier 2'}, 'error': None}
{'timestamp': '2026-06-09T10:28:11.673186+00:00', 'severity': 'INFO', 'endpoint': '/registry/terminology', 'query_string': None, 'data': {'raw_term': 'Stats Term', 'standard_term': 'Stats Term', 'normalized_value': 'stats term', 'term_type': 'term'}, 'error': None}
{'timestamp': '2026-06-09T10:28:11.677655+00:00', 'severity': 'INFO', 'endpoint': '/registry/documents', 'query_string': None, 'data': {'title': 'Stats Document', 'status': 'draft', 'classifier_system': 'MKS'}, 'error': None}
{'timestamp': '2026-06-09T10:28:11.679318+00:00', 'severity': 'INFO', 'endpoint': '/registry/documents', 'query_string': None, 'data': {'doc_code': 'STATS-DOCUMENT'}, 'error': 'Document created'}
{'timestamp': '2026-06-09T10:28:11.681263+00:00', 'severity': 'INFO', 'endpoint': '/registry/documents', 'query_string': None, 'data': {'title': 'Stats Document 2', 'status': 'approved', 'classifier_system': 'MKS'}, 'error': None}
{'timestamp': '2026-06-09T10:28:11.684016+00:00', 'severity': 'INFO', 'endpoint': '/registry/documents', 'query_string': None, 'data': {'doc_code': 'STATS-DOCUMENT-2'}, 'error': 'Document created'}
{'timestamp': '2026-06-09T10:28:11.686916+00:00', 'severity': 'INFO', 'endpoint': '/registry/stats', 'query_string': None, 'data': None, 'error': None}
{'timestamp': '2026-06-09T10:28:11.706451+00:00', 'severity': 'INFO', 'endpoint': '/registry/documents', 'query_string': None, 'data': {'title': 'Draft Doc Status', 'status': 'draft', 'classifier_system': 'MKS'}, 'error': None}
{'timestamp': '2026-06-09T10:28:11.708519+00:00', 'severity': 'INFO', 'endpoint': '/registry/documents', 'query_string': None, 'data': {'doc_code': 'DRAFT-DOC-STATUS'}, 'error': 'Document created'}
{'timestamp': '2026-06-09T10:28:11.710309+00:00', 'severity': 'INFO', 'endpoint': '/registry/documents', 'query_string': None, 'data': {'title': 'Draft Doc Status 2', 'status': 'draft', 'classifier_system': 'MKS'}, 'error': None}
{'timestamp': '2026-06-09T10:28:11.712274+00:00', 'severity': 'INFO', 'endpoint': '/registry/documents', 'query_string': None, 'data': {'doc_code': 'DRAFT-DOC-STATUS-2'}, 'error': 'Document created'}
{'timestamp': '2026-06-09T10:28:11.714564+00:00', 'severity': 'INFO', 'endpoint': '/registry/documents', 'query_string': None, 'data': {'title': 'Approved Doc Status', 'status': 'approved', 'classifier_system': 'MKS'}, 'error': None}
{'timestamp': '2026-06-09T10:28:11.716007+00:00', 'severity': 'INFO', 'endpoint': '/registry/documents', 'query_string': None, 'data': {'doc_code': 'APPROVED-DOC-STATUS'}, 'error': 'Document created'}
{'timestamp': '2026-06-09T10:28:11.717621+00:00', 'severity': 'INFO', 'endpoint': '/registry/documents', 'query_string': None, 'data': {'title': 'Processing Doc Status', 'status': 'processing', 'classifier_system': 'MKS'}, 'error': None}
{'timestamp': '2026-06-09T10:28:11.719411+00:00', 'severity': 'INFO', 'endpoint': '/registry/documents', 'query_string': None, 'data': {'doc_code': 'PROCESSING-DOC-STATUS'}, 'error': 'Document created'}
{'timestamp': '2026-06-09T10:28:11.721743+00:00', 'severity': 'INFO', 'endpoint': '/registry/stats', 'query_string': None, 'data': None, 'error': None}
{'timestamp': '2026-06-09T10:28:11.739277+00:00', 'severity': 'INFO', 'endpoint': '/registry/documents', 'query_string': None, 'data': {'title': 'Test Document', 'doc_code': 'DOC-123', 'status': 'draft', 'classifier_system': 'MKS', 'mks_oks_code': '01.01.01'}, 'error': None}
{'timestamp': '2026-06-09T10:28:11.741198+00:00', 'severity': 'INFO', 'endpoint': '/registry/documents', 'query_string': None, 'data': {'doc_code': 'DOC-123'}, 'error': 'Document created'}
{'timestamp': '2026-06-09T10:28:11.758706+00:00', 'severity': 'INFO', 'endpoint': '/registry/classifiers', 'query_string': None, 'data': {'classifier_system': 'MKS', 'code': 'CLS_001', 'full_name': 'Test Classifier'}, 'error': None}
{'timestamp': '2026-06-09T10:28:11.762439+00:00', 'severity': 'INFO', 'endpoint': '/registry/documents', 'query_string': None, 'data': {'title': 'Document with Classifier', 'doc_code': 'DOC-CLS', 'classifier_system': 'MKS', 'mks_oks_code': 'CLS_001'}, 'error': None}
{'timestamp': '2026-06-09T10:28:11.764777+00:00', 'severity': 'INFO', 'endpoint': '/registry/documents', 'query_string': None, 'data': {'doc_code': 'DOC-CLS'}, 'error': 'Document created'}
{'timestamp': '2026-06-09T10:28:11.783387+00:00', 'severity': 'INFO', 'endpoint': '/registry/documents', 'query_string': None, 'data': {'doc_code': 'DOC-VAL'}, 'error': None}
{'timestamp': '2026-06-09T10:28:11.783786+00:00', 'severity': 'WARNING', 'endpoint': '/registry/documents', 'query_string': None, 'data': {'doc_code': 'DOC-VAL'}, 'error': 'Missing required fields'}
{'timestamp': '2026-06-09T10:28:11.804608+00:00', 'severity': 'INFO', 'endpoint': '/registry/documents', 'query_string': None, 'data': {'title': 'Doc 1', 'classifier_system': 'MKS'}, 'error': None}
{'timestamp': '2026-06-09T10:28:11.806830+00:00', 'severity': 'INFO', 'endpoint': '/registry/documents', 'query_string': None, 'data': {'doc_code': 'DOC-1'}, 'error': 'Document created'}
{'timestamp': '2026-06-09T10:28:11.808901+00:00', 'severity': 'INFO', 'endpoint': '/registry/documents', 'query_string': None, 'data': {'title': 'Doc 2', 'classifier_system': 'MKS'}, 'error': None}
{'timestamp': '2026-06-09T10:28:11.810598+00:00', 'severity': 'INFO', 'endpoint': '/registry/documents', 'query_string': None, 'data': {'doc_code': 'DOC-2'}, 'error': 'Document created'}
{'timestamp': '2026-06-09T10:28:11.813385+00:00', 'severity': 'INFO', 'endpoint': '/registry/documents', 'query_string': None, 'data': None, 'error': None}
{'timestamp': '2026-06-09T10:28:11.833517+00:00', 'severity': 'INFO', 'endpoint': '/registry/documents', 'query_string': None, 'data': {'title': 'Draft Doc', 'status': 'draft', 'classifier_system': 'MKS'}, 'error': None}
{'timestamp': '2026-06-09T10:28:11.836187+00:00', 'severity': 'INFO', 'endpoint': '/registry/documents', 'query_string': None, 'data': {'doc_code': 'DRAFT-DOC'}, 'error': 'Document created'}
{'timestamp': '2026-06-09T10:28:11.838414+00:00', 'severity': 'INFO', 'endpoint': '/registry/documents', 'query_string': None, 'data': {'title': 'Active Doc', 'status': 'active', 'classifier_system': 'MKS'}, 'error': None}
{'timestamp': '2026-06-09T10:28:11.839844+00:00', 'severity': 'INFO', 'endpoint': '/registry/documents', 'query_string': None, 'data': {'doc_code': 'ACTIVE-DOC'}, 'error': 'Document created'}
{'timestamp': '2026-06-09T10:28:11.841528+00:00', 'severity': 'INFO', 'endpoint': '/registry/documents', 'query_string': None, 'data': None, 'error': None}
{'timestamp': '2026-06-09T10:28:11.859336+00:00', 'severity': 'INFO', 'endpoint': '/registry/documents', 'query_string': None, 'data': {'title': 'Machine Learning Document', 'classifier_system': 'MKS'}, 'error': None}
{'timestamp': '2026-06-09T10:28:11.861118+00:00', 'severity': 'INFO', 'endpoint': '/registry/documents', 'query_string': None, 'data': {'doc_code': 'MACHINE-LEARNING-DOCUMENT'}, 'error': 'Document created'}
{'timestamp': '2026-06-09T10:28:11.863558+00:00', 'severity': 'INFO', 'endpoint': '/registry/documents', 'query_string': None, 'data': None, 'error': None}
{'timestamp': '2026-06-09T10:28:11.889998+00:00', 'severity': 'INFO', 'endpoint': '/registry/classifiers', 'query_string': None, 'data': {'classifier_system': 'MKS', 'code': 'CLS_FILTER', 'full_name': 'Filter Classifier'}, 'error': None}
{'timestamp': '2026-06-09T10:28:11.893541+00:00', 'severity': 'INFO', 'endpoint': '/registry/documents', 'query_string': None, 'data': {'title': 'Doc 1', 'classifier_system': 'MKS', 'mks_oks_code': 'CLS_FILTER'}, 'error': None}
{'timestamp': '2026-06-09T10:28:11.896013+00:00', 'severity': 'INFO', 'endpoint': '/registry/documents', 'query_string': None, 'data': {'doc_code': 'DOC-1'}, 'error': 'Document created'}
{'timestamp': '2026-06-09T10:28:11.898274+00:00', 'severity': 'INFO', 'endpoint': '/registry/documents', 'query_string': None, 'data': None, 'error': None}
{'timestamp': '2026-06-09T10:28:11.919964+00:00', 'severity': 'INFO', 'endpoint': '/registry/documents', 'query_string': None, 'data': {'title': 'Doc 0', 'classifier_system': 'MKS'}, 'error': None}
{'timestamp': '2026-06-09T10:28:11.922910+00:00', 'severity': 'INFO', 'endpoint': '/registry/documents', 'query_string': None, 'data': {'doc_code': 'DOC-0'}, 'error': 'Document created'}
{'timestamp': '2026-06-09T10:28:11.925150+00:00', 'severity': 'INFO', 'endpoint': '/registry/documents', 'query_string': None, 'data': {'title': 'Doc 1', 'classifier_system': 'MKS'}, 'error': None}
{'timestamp': '2026-06-09T10:28:11.926995+00:00', 'severity': 'INFO', 'endpoint': '/registry/documents', 'query_string': None, 'data': {'doc_code': 'DOC-1'}, 'error': 'Document created'}
{'timestamp': '2026-06-09T10:28:11.929122+00:00', 'severity': 'INFO', 'endpoint': '/registry/documents', 'query_string': None, 'data': {'title': 'Doc 2', 'classifier_system': 'MKS'}, 'error': None}
{'timestamp': '2026-06-09T10:28:11.931304+00:00', 'severity': 'INFO', 'endpoint': '/registry/documents', 'query_string': None, 'data': {'doc_code': 'DOC-2'}, 'error': 'Document created'}
{'timestamp': '2026-06-09T10:28:11.933389+00:00', 'severity': 'INFO', 'endpoint': '/registry/documents', 'query_string': None, 'data': {'title': 'Doc 3', 'classifier_system': 'MKS'}, 'error': None}
{'timestamp': '2026-06-09T10:28:11.935429+00:00', 'severity': 'INFO', 'endpoint': '/registry/documents', 'query_string': None, 'data': {'doc_code': 'DOC-3'}, 'error': 'Document created'}
{'timestamp': '2026-06-09T10:28:11.937765+00:00', 'severity': 'INFO', 'endpoint': '/registry/documents', 'query_string': None, 'data': {'title': 'Doc 4', 'classifier_system': 'MKS'}, 'error': None}
{'timestamp': '2026-06-09T10:28:11.940151+00:00', 'severity': 'INFO', 'endpoint': '/registry/documents', 'query_string': None, 'data': {'doc_code': 'DOC-4'}, 'error': 'Document created'}
{'timestamp': '2026-06-09T10:28:11.942264+00:00', 'severity': 'INFO', 'endpoint': '/registry/documents', 'query_string': None, 'data': {'title': 'Doc 5', 'classifier_system': 'MKS'}, 'error': None}
{'timestamp': '2026-06-09T10:28:11.944225+00:00', 'severity': 'INFO', 'endpoint': '/registry/documents', 'query_string': None, 'data': {'doc_code': 'DOC-5'}, 'error': 'Document created'}
{'timestamp': '2026-06-09T10:28:11.946119+00:00', 'severity': 'INFO', 'endpoint': '/registry/documents', 'query_string': None, 'data': {'title': 'Doc 6', 'classifier_system': 'MKS'}, 'error': None}
{'timestamp': '2026-06-09T10:28:11.948293+00:00', 'severity': 'INFO', 'endpoint': '/registry/documents', 'query_string': None, 'data': {'doc_code': 'DOC-6'}, 'error': 'Document created'}
{'timestamp': '2026-06-09T10:28:11.950492+00:00', 'severity': 'INFO', 'endpoint': '/registry/documents', 'query_string': None, 'data': {'title': 'Doc 7', 'classifier_system': 'MKS'}, 'error': None}
{'timestamp': '2026-06-09T10:28:11.952873+00:00', 'severity': 'INFO', 'endpoint': '/registry/documents', 'query_string': None, 'data': {'doc_code': 'DOC-7'}, 'error': 'Document created'}
{'timestamp': '2026-06-09T10:28:11.955232+00:00', 'severity': 'INFO', 'endpoint': '/registry/documents', 'query_string': None, 'data': {'title': 'Doc 8', 'classifier_system': 'MKS'}, 'error': None}
{'timestamp': '2026-06-09T10:28:11.957109+00:00', 'severity': 'INFO', 'endpoint': '/registry/documents', 'query_string': None, 'data': {'doc_code': 'DOC-8'}, 'error': 'Document created'}
{'timestamp': '2026-06-09T10:28:11.959306+00:00', 'severity': 'INFO', 'endpoint': '/registry/documents', 'query_string': None, 'data': {'title': 'Doc 9', 'classifier_system': 'MKS'}, 'error': None}
{'timestamp': '2026-06-09T10:28:11.961356+00:00', 'severity': 'INFO', 'endpoint': '/registry/documents', 'query_string': None, 'data': {'doc_code': 'DOC-9'}, 'error': 'Document created'}
{'timestamp': '2026-06-09T10:28:11.963768+00:00', 'severity': 'INFO', 'endpoint': '/registry/documents', 'query_string': None, 'data': {'title': 'Doc 10', 'classifier_system': 'MKS'}, 'error': None}
{'timestamp': '2026-06-09T10:28:11.965651+00:00', 'severity': 'INFO', 'endpoint': '/registry/documents', 'query_string': None, 'data': {'doc_code': 'DOC-10'}, 'error': 'Document created'}
{'timestamp': '2026-06-09T10:28:11.968150+00:00', 'severity': 'INFO', 'endpoint': '/registry/documents', 'query_string': None, 'data': {'title': 'Doc 11', 'classifier_system': 'MKS'}, 'error': None}
{'timestamp': '2026-06-09T10:28:11.970423+00:00', 'severity': 'INFO', 'endpoint': '/registry/documents', 'query_string': None, 'data': {'doc_code': 'DOC-11'}, 'error': 'Document created'}
{'timestamp': '2026-06-09T10:28:11.972866+00:00', 'severity': 'INFO', 'endpoint': '/registry/documents', 'query_string': None, 'data': {'title': 'Doc 12', 'classifier_system': 'MKS'}, 'error': None}
{'timestamp': '2026-06-09T10:28:11.974642+00:00', 'severity': 'INFO', 'endpoint': '/registry/documents', 'query_string': None, 'data': {'doc_code': 'DOC-12'}, 'error': 'Document created'}
{'timestamp': '2026-06-09T10:28:11.976612+00:00', 'severity': 'INFO', 'endpoint': '/registry/documents', 'query_string': None, 'data': {'title': 'Doc 13', 'classifier_system': 'MKS'}, 'error': None}
{'timestamp': '2026-06-09T10:28:11.978129+00:00', 'severity': 'INFO', 'endpoint': '/registry/documents', 'query_string': None, 'data': {'doc_code': 'DOC-13'}, 'error': 'Document created'}
{'timestamp': '2026-06-09T10:28:11.980020+00:00', 'severity': 'INFO', 'endpoint': '/registry/documents', 'query_string': None, 'data': {'title': 'Doc 14', 'classifier_system': 'MKS'}, 'error': None}
{'timestamp': '2026-06-09T10:28:11.981788+00:00', 'severity': 'INFO', 'endpoint': '/registry/documents', 'query_string': None, 'data': {'doc_code': 'DOC-14'}, 'error': 'Document created'}
{'timestamp': '2026-06-09T10:28:11.983647+00:00', 'severity': 'INFO', 'endpoint': '/registry/documents', 'query_string': None, 'data': None, 'error': None}
{'timestamp': '2026-06-09T10:28:12.001240+00:00', 'severity': 'INFO', 'endpoint': '/registry/documents', 'query_string': None, 'data': {'title': 'Doc 2', 'classifier_system': 'MKS'}, 'error': None}
{'timestamp': '2026-06-09T10:28:12.003957+00:00', 'severity': 'INFO', 'endpoint': '/registry/documents', 'query_string': None, 'data': {'doc_code': 'DOC-2'}, 'error': 'Document created'}
{'timestamp': '2026-06-09T10:28:12.006391+00:00', 'severity': 'INFO', 'endpoint': '/registry/documents/1', 'query_string': None, 'data': None, 'error': None}
{'timestamp': '2026-06-09T10:28:12.024640+00:00', 'severity': 'INFO', 'endpoint': '/registry/documents/00000000-0000-0000-0000-000000000000', 'query_string': None, 'data': None, 'error': None}
{'timestamp': '2026-06-09T10:28:12.024946+00:00', 'severity': 'WARNING', 'endpoint': '/registry/documents/00000000-0000-0000-0000-000000000000', 'query_string': None, 'data': None, 'error': 'Document not found'}
{'timestamp': '2026-06-09T10:28:12.039829+00:00', 'severity': 'INFO', 'endpoint': '/registry/documents', 'query_string': None, 'data': {'title': 'Doc 3', 'classifier_system': 'MKS'}, 'error': None}
{'timestamp': '2026-06-09T10:28:12.043636+00:00', 'severity': 'INFO', 'endpoint': '/registry/documents', 'query_string': None, 'data': {'doc_code': 'DOC-3'}, 'error': 'Document created'}
{'timestamp': '2026-06-09T10:28:12.047344+00:00', 'severity': 'INFO', 'endpoint': '/registry/documents/1', 'query_string': None, 'data': {'title': 'Updated Doc 3'}, 'error': None}
{'timestamp': '2026-06-09T10:28:12.051145+00:00', 'severity': 'INFO', 'endpoint': '/registry/documents/1', 'query_string': None, 'data': {'title': 'Updated Doc 3'}, 'error': 'Document updated'}
{'timestamp': '2026-06-09T10:28:12.073587+00:00', 'severity': 'INFO', 'endpoint': '/registry/documents/00000000-0000-0000-0000-000000000000', 'query_string': None, 'data': {'title': 'Updated'}, 'error': None}
{'timestamp': '2026-06-09T10:28:12.074011+00:00', 'severity': 'WARNING', 'endpoint': '/registry/documents/00000000-0000-0000-0000-000000000000', 'query_string': None, 'data': None, 'error': 'Document not found'}
{'timestamp': '2026-06-09T10:28:12.090298+00:00', 'severity': 'INFO', 'endpoint': '/registry/documents', 'query_string': None, 'data': {'title': 'Doc 4', 'classifier_system': 'MKS'}, 'error': None}
{'timestamp': '2026-06-09T10:28:12.093143+00:00', 'severity': 'INFO', 'endpoint': '/registry/documents', 'query_string': None, 'data': {'doc_code': 'DOC-4'}, 'error': 'Document created'}
{'timestamp': '2026-06-09T10:28:12.095743+00:00', 'severity': 'INFO', 'endpoint': '/registry/documents/1', 'query_string': None, 'data': None, 'error': None}
{'timestamp': '2026-06-09T10:28:12.097260+00:00', 'severity': 'INFO', 'endpoint': '/registry/documents/1', 'query_string': None, 'data': None, 'error': 'Document deleted'}
{'timestamp': '2026-06-09T10:28:12.099234+00:00', 'severity': 'INFO', 'endpoint': '/registry/documents/1', 'query_string': None, 'data': None, 'error': None}
{'timestamp': '2026-06-09T10:28:12.100109+00:00', 'severity': 'WARNING', 'endpoint': '/registry/documents/1', 'query_string': None, 'data': None, 'error': 'Document not found'}
{'timestamp': '2026-06-09T10:28:12.117319+00:00', 'severity': 'INFO', 'endpoint': '/registry/documents/00000000-0000-0000-0000-000000000000', 'query_string': None, 'data': None, 'error': None}
{'timestamp': '2026-06-09T10:28:12.117681+00:00', 'severity': 'WARNING', 'endpoint': '/registry/documents/00000000-0000-0000-0000-000000000000', 'query_string': None, 'data': None, 'error': 'Document not found'}
{'timestamp': '2026-06-09T10:28:12.132193+00:00', 'severity': 'INFO', 'endpoint': '/registry/documents', 'query_string': None, 'data': {'title': 'Doc Patch Status', 'classifier_system': 'MKS', 'status': 'draft'}, 'error': None}
{'timestamp': '2026-06-09T10:28:12.133824+00:00', 'severity': 'INFO', 'endpoint': '/registry/documents', 'query_string': None, 'data': {'doc_code': 'DOC-PATCH-STATUS'}, 'error': 'Document created'}
{'timestamp': '2026-06-09T10:28:12.135818+00:00', 'severity': 'INFO', 'endpoint': '/registry/documents/1/status', 'query_string': None, 'data': {'status': 'uploaded', 'comment': 'moving to uploaded', 'changed_by': 'test_user'}, 'error': None}
{'timestamp': '2026-06-09T10:28:12.138928+00:00', 'severity': 'INFO', 'endpoint': '/registry/documents/1/status', 'query_string': None, 'data': {'status': 'uploaded', 'comment': 'moving to uploaded', 'changed_by': 'test_user'}, 'error': 'Document status updated'}
{'timestamp': '2026-06-09T10:28:12.140432+00:00', 'severity': 'INFO', 'endpoint': '/registry/documents/1/status', 'query_string': None, 'data': {'status': 'approved'}, 'error': None}
{'timestamp': '2026-06-09T10:28:12.142473+00:00', 'severity': 'INFO', 'endpoint': '/registry/documents/1/status', 'query_string': None, 'data': {'status': 'unknown_status'}, 'error': None}
{'timestamp': '2026-06-09T10:28:12.156485+00:00', 'severity': 'INFO', 'endpoint': '/registry/documents/00000000-0000-0000-0000-000000000000/status', 'query_string': None, 'data': {'status': 'approved'}, 'error': None}
{'timestamp': '2026-06-09T10:28:12.168827+00:00', 'severity': 'INFO', 'endpoint': '/registry/documents', 'query_string': None, 'data': {'title': 'Export Doc 1', 'classifier_system': 'MKS'}, 'error': None}
{'timestamp': '2026-06-09T10:28:12.170480+00:00', 'severity': 'INFO', 'endpoint': '/registry/documents', 'query_string': None, 'data': {'doc_code': 'EXPORT-DOC-1'}, 'error': 'Document created'}
{'timestamp': '2026-06-09T10:28:12.172540+00:00', 'severity': 'INFO', 'endpoint': '/registry/documents/export', 'query_string': None, 'data': None, 'error': None}
{'timestamp': '2026-06-09T10:28:12.187298+00:00', 'severity': 'INFO', 'endpoint': '/registry/documents/import', 'query_string': None, 'data': None, 'error': None}
{'timestamp': '2026-06-09T10:28:12.199599+00:00', 'severity': 'INFO', 'endpoint': '/registry/documents', 'query_string': None, 'data': {'title': 'History Doc', 'classifier_system': 'MKS'}, 'error': None}
{'timestamp': '2026-06-09T10:28:12.201500+00:00', 'severity': 'INFO', 'endpoint': '/registry/documents', 'query_string': None, 'data': {'doc_code': 'HISTORY-DOC'}, 'error': 'Document created'}
{'timestamp': '2026-06-09T10:28:12.203779+00:00', 'severity': 'INFO', 'endpoint': '/registry/documents/1/history', 'query_string': None, 'data': None, 'error': None}
{'timestamp': '2026-06-09T10:28:12.217903+00:00', 'severity': 'INFO', 'endpoint': '/registry/documents', 'query_string': None, 'data': {'title': 'Succession Doc', 'classifier_system': 'MKS'}, 'error': None}
{'timestamp': '2026-06-09T10:28:12.220034+00:00', 'severity': 'INFO', 'endpoint': '/registry/documents', 'query_string': None, 'data': {'doc_code': 'SUCCESSION-DOC'}, 'error': 'Document created'}
{'timestamp': '2026-06-09T10:28:12.222097+00:00', 'severity': 'INFO', 'endpoint': '/registry/documents/1/succession', 'query_string': None, 'data': None, 'error': None}
{'timestamp': '2026-06-09T10:28:12.236081+00:00', 'severity': 'INFO', 'endpoint': '/registry/documents', 'query_string': None, 'data': {'document': {'metadata': {'title': 'Pipeline Test Doc', 'doc_code': 'PL-001', 'source_type': 'GOST', 'mks_oks_code': '01.01.01', 'era': 'RF', 'status': 'uploaded'}, 'source': {'file_hash_sha256': 'abcdef1234567890abcdef1234567890abcdef1234567890abcdef1234567890'}, 'content': [{'clause': '1', 'title': 'Introduction', 'level': 1, 'type': 'text', 'content': 'This is a pipeline section'}], 'terminology': [{'term': 'PipelineTerm', 'normalized_term': 'pipelineterm', 'definition': 'A term created via pipeline'}], 'references': [{'target_doc_code': 'REF-001', 'type': 'replaces', 'context': 'replaces some older doc', 'current_status': 'active'}]}}, 'error': None}
{'timestamp': '2026-06-09T10:28:12.243848+00:00', 'severity': 'INFO', 'endpoint': '/registry/documents', 'query_string': None, 'data': {'document': {'metadata': {'title': 'Pipeline Test Doc', 'doc_code': 'PL-001', 'source_type': 'GOST', 'mks_oks_code': '01.01.01', 'era': 'RF', 'status': 'uploaded'}, 'source': {'file_hash_sha256': 'abcdef1234567890abcdef1234567890abcdef1234567890abcdef1234567890'}, 'content': [{'clause': '1', 'title': 'Introduction', 'level': 1, 'type': 'text', 'content': 'This is a pipeline section'}], 'terminology': [{'term': 'PipelineTerm', 'normalized_term': 'pipelineterm', 'definition': 'A term created via pipeline'}], 'references': [{'target_doc_code': 'REF-001', 'type': 'replaces', 'context': 'replaces some older doc', 'current_status': 'active'}]}}, 'error': None}
{'timestamp': '2026-06-09T10:28:12.258657+00:00', 'severity': 'INFO', 'endpoint': '/registry/documents', 'query_string': None, 'data': {'title': 'Filtered Doc Alpha', 'doc_code': 'FDA-01', 'classifier_system': 'MKS', 'era': 'USSR', 'source_type': 'GOST_R', 'validity_status': 'superseded', 'jurisdiction': 'RU'}, 'error': None}
{'timestamp': '2026-06-09T10:28:12.260294+00:00', 'severity': 'INFO', 'endpoint': '/registry/documents', 'query_string': None, 'data': {'doc_code': 'FDA-01'}, 'error': 'Document created'}
{'timestamp': '2026-06-09T10:28:12.262008+00:00', 'severity': 'INFO', 'endpoint': '/registry/documents', 'query_string': None, 'data': None, 'error': None}
{'timestamp': '2026-06-09T10:28:12.300725+00:00', 'severity': 'INFO', 'endpoint': '/registry/documents', 'query_string': None, 'data': {'title': 'Unique Doc', 'doc_code': 'UNQ-1', 'era': 'RF', 'status': 'approved'}, 'error': None}
{'timestamp': '2026-06-09T10:28:12.302926+00:00', 'severity': 'INFO', 'endpoint': '/registry/documents', 'query_string': None, 'data': {'doc_code': 'UNQ-1'}, 'error': 'Document created'}
{'timestamp': '2026-06-09T10:28:12.304766+00:00', 'severity': 'INFO', 'endpoint': '/registry/documents/check-uniqueness', 'query_string': None, 'data': {'title': 'Unique Doc', 'doc_code': 'UNQ-1', 'era': 'RF'}, 'error': None}
{'timestamp': '2026-06-09T10:28:12.319119+00:00', 'severity': 'INFO', 'endpoint': '/registry/documents', 'query_string': None, 'data': {'title': 'Sections Doc'}, 'error': None}
{'timestamp': '2026-06-09T10:28:12.320809+00:00', 'severity': 'INFO', 'endpoint': '/registry/documents', 'query_string': None, 'data': {'doc_code': 'SECTIONS-DOC'}, 'error': 'Document created'}
{'timestamp': '2026-06-09T10:28:12.322701+00:00', 'severity': 'INFO', 'endpoint': '/registry/documents/1/sections', 'query_string': None, 'data': None, 'error': None}
{'timestamp': '2026-06-09T10:28:12.338061+00:00', 'severity': 'INFO', 'endpoint': '/registry/documents', 'query_string': None, 'data': {'title': 'History Doc'}, 'error': None}
{'timestamp': '2026-06-09T10:28:12.339813+00:00', 'severity': 'INFO', 'endpoint': '/registry/documents', 'query_string': None, 'data': {'doc_code': 'HISTORY-DOC'}, 'error': 'Document created'}
{'timestamp': '2026-06-09T10:28:12.341756+00:00', 'severity': 'INFO', 'endpoint': '/registry/documents/1/history', 'query_string': None, 'data': None, 'error': None}
{'timestamp': '2026-06-09T10:28:12.354523+00:00', 'severity': 'INFO', 'endpoint': '/registry/documents', 'query_string': None, 'data': {'title': 'Pred', 'doc_code': 'P-1', 'era': 'USSR'}, 'error': None}
{'timestamp': '2026-06-09T10:28:12.356460+00:00', 'severity': 'INFO', 'endpoint': '/registry/documents', 'query_string': None, 'data': {'doc_code': 'P-1'}, 'error': 'Document created'}
{'timestamp': '2026-06-09T10:28:12.358583+00:00', 'severity': 'INFO', 'endpoint': '/registry/documents', 'query_string': None, 'data': {'title': 'Main', 'doc_code': 'M-1', 'era': 'USSR', 'predecessor_doc_id': 1}, 'error': None}
{'timestamp': '2026-06-09T10:28:12.360208+00:00', 'severity': 'INFO', 'endpoint': '/registry/documents', 'query_string': None, 'data': {'doc_code': 'M-1'}, 'error': 'Document created'}
{'timestamp': '2026-06-09T10:28:12.362021+00:00', 'severity': 'INFO', 'endpoint': '/registry/documents', 'query_string': None, 'data': {'title': 'Succ', 'doc_code': 'S-1', 'era': 'RF'}, 'error': None}
{'timestamp': '2026-06-09T10:28:12.363830+00:00', 'severity': 'INFO', 'endpoint': '/registry/documents', 'query_string': None, 'data': {'doc_code': 'S-1'}, 'error': 'Document created'}
{'timestamp': '2026-06-09T10:28:12.365804+00:00', 'severity': 'INFO', 'endpoint': '/registry/documents/2', 'query_string': None, 'data': {'successor_doc_id': 3}, 'error': None}
{'timestamp': '2026-06-09T10:28:12.367269+00:00', 'severity': 'INFO', 'endpoint': '/registry/documents/2', 'query_string': None, 'data': {'successor_doc_id': 3}, 'error': 'Document patched'}
{'timestamp': '2026-06-09T10:28:12.368692+00:00', 'severity': 'INFO', 'endpoint': '/registry/documents/2/succession', 'query_string': None, 'data': None, 'error': None}
{'timestamp': '2026-06-09T10:28:12.382892+00:00', 'severity': 'INFO', 'endpoint': '/registry/classifiers', 'query_string': None, 'data': {'classifier_system': 'MKS', 'code': '47.020', 'full_name': 'Hull'}, 'error': None}
{'timestamp': '2026-06-09T10:28:12.385899+00:00', 'severity': 'INFO', 'endpoint': '/registry/classifiers/validate', 'query_string': None, 'data': {'classification': {'mks_oks_code': '47.020', 'okstu_code': None, 'udk_code': None}}, 'error': None}
{'timestamp': '2026-06-09T10:28:12.399007+00:00', 'severity': 'INFO', 'endpoint': '/registry/documents', 'query_string': None, 'data': {'title': 'Pending Doc'}, 'error': None}
{'timestamp': '2026-06-09T10:28:12.400506+00:00', 'severity': 'INFO', 'endpoint': '/registry/documents', 'query_string': None, 'data': {'doc_code': 'PENDING-DOC'}, 'error': 'Document created'}
{'timestamp': '2026-06-09T10:28:12.402496+00:00', 'severity': 'INFO', 'endpoint': '/registry/classifiers/pending', 'query_string': None, 'data': None, 'error': None}
{'timestamp': '2026-06-09T10:28:12.407467+00:00', 'severity': 'INFO', 'endpoint': '/registry/classifiers/pending/1/accept', 'query_string': None, 'data': {'parent_code': '47.020', 'full_name': 'Other hull parts', 'admin_comment': 'ok'}, 'error': None}
{'timestamp': '2026-06-09T10:28:12.413034+00:00', 'severity': 'INFO', 'endpoint': '/registry/classifiers/pending/2/reject', 'query_string': None, 'data': {'admin_comment': 'invalid code'}, 'error': None}
{'timestamp': '2026-06-09T10:28:12.426984+00:00', 'severity': 'INFO', 'endpoint': '/registry/terminology', 'query_string': None, 'data': {'raw_term': 'Machine Learning', 'standard_term': 'Machine Learning', 'normalized_value': 'machine learning', 'term_type': 'term'}, 'error': None}
{'timestamp': '2026-06-09T10:28:12.441235+00:00', 'severity': 'INFO', 'endpoint': '/registry/terminology', 'query_string': None, 'data': {'raw_term': 'Duplicate Term', 'standard_term': 'Duplicate Term', 'normalized_value': 'duplicate term', 'term_type': 'term'}, 'error': None}
{'timestamp': '2026-06-09T10:28:12.444102+00:00', 'severity': 'INFO', 'endpoint': '/registry/terminology', 'query_string': None, 'data': {'raw_term': 'Duplicate Term', 'standard_term': 'Duplicate Term', 'normalized_value': 'duplicate term', 'term_type': 'term'}, 'error': None}
{'timestamp': '2026-06-09T10:28:12.457622+00:00', 'severity': 'INFO', 'endpoint': '/registry/terminology', 'query_string': None, 'data': {'standard_term': 'Test Term', 'normalized_value': 'test term', 'term_type': 'term'}, 'error': None}
{'timestamp': '2026-06-09T10:28:12.471519+00:00', 'severity': 'INFO', 'endpoint': '/registry/terminology', 'query_string': None, 'data': {'raw_term': 'Test Term', 'standard_term': 'Test Term', 'normalized_value': 'test term', 'term_type': 'term'}, 'error': None}
{'timestamp': '2026-06-09T10:28:12.474381+00:00', 'severity': 'INFO', 'endpoint': '/registry/terminology', 'query_string': None, 'data': {'raw_term': 'Another Term', 'standard_term': 'Another Term', 'normalized_value': 'another term', 'term_type': 'term'}, 'error': None}
{'timestamp': '2026-06-09T10:28:12.476889+00:00', 'severity': 'INFO', 'endpoint': '/registry/terminology', 'query_string': None, 'data': None, 'error': None}
{'timestamp': '2026-06-09T10:28:12.490571+00:00', 'severity': 'INFO', 'endpoint': '/registry/terminology', 'query_string': None, 'data': {'raw_term': 'IT Term 1', 'standard_term': 'IT Term 1', 'normalized_value': 'it term 1', 'term_type': 'acronym'}, 'error': None}
{'timestamp': '2026-06-09T10:28:12.493166+00:00', 'severity': 'INFO', 'endpoint': '/registry/terminology', 'query_string': None, 'data': {'raw_term': 'Building Term', 'standard_term': 'Building Term', 'normalized_value': 'building term', 'term_type': 'term'}, 'error': None}
{'timestamp': '2026-06-09T10:28:12.495518+00:00', 'severity': 'INFO', 'endpoint': '/registry/terminology', 'query_string': None, 'data': {'raw_term': 'IT Term 2', 'standard_term': 'IT Term 2', 'normalized_value': 'it term 2', 'term_type': 'acronym'}, 'error': None}
{'timestamp': '2026-06-09T10:28:12.497923+00:00', 'severity': 'INFO', 'endpoint': '/registry/terminology', 'query_string': None, 'data': None, 'error': None}
{'timestamp': '2026-06-09T10:28:12.512881+00:00', 'severity': 'INFO', 'endpoint': '/registry/terminology', 'query_string': None, 'data': {'raw_term': 'Machine Learning', 'standard_term': 'Machine Learning', 'normalized_value': 'machine learning', 'term_type': 'term'}, 'error': None}
{'timestamp': '2026-06-09T10:28:12.515932+00:00', 'severity': 'INFO', 'endpoint': '/registry/terminology', 'query_string': None, 'data': {'raw_term': 'Deep Learning', 'standard_term': 'Deep Learning', 'normalized_value': 'deep learning', 'term_type': 'term'}, 'error': None}
{'timestamp': '2026-06-09T10:28:12.518116+00:00', 'severity': 'INFO', 'endpoint': '/registry/terminology', 'query_string': None, 'data': {'raw_term': 'Other Concept', 'standard_term': 'Other Concept', 'normalized_value': 'other concept', 'term_type': 'term'}, 'error': None}
{'timestamp': '2026-06-09T10:28:12.520539+00:00', 'severity': 'INFO', 'endpoint': '/registry/terminology', 'query_string': None, 'data': None, 'error': None}
{'timestamp': '2026-06-09T10:28:12.535821+00:00', 'severity': 'INFO', 'endpoint': '/registry/terminology', 'query_string': None, 'data': {'raw_term': 'ML', 'standard_term': 'Machine Learning Acronym', 'normalized_value': 'ml', 'term_type': 'acronym'}, 'error': None}
{'timestamp': '2026-06-09T10:28:12.538946+00:00', 'severity': 'INFO', 'endpoint': '/registry/terminology', 'query_string': None, 'data': {'raw_term': 'AI', 'standard_term': 'Artificial Intelligence', 'normalized_value': 'ai', 'term_type': 'acronym'}, 'error': None}
{'timestamp': '2026-06-09T10:28:12.541531+00:00', 'severity': 'INFO', 'endpoint': '/registry/terminology', 'query_string': None, 'data': None, 'error': None}
{'timestamp': '2026-06-09T10:28:12.557001+00:00', 'severity': 'INFO', 'endpoint': '/registry/terminology', 'query_string': None, 'data': {'raw_term': 'ГОСТ', 'standard_term': 'ГОСТ', 'normalized_value': 'гост', 'term_type': 'standard_code', 'scope': ['Стандартизация', 'Судостроение'], 'synonyms': ['GOST']}, 'error': None}
{'timestamp': '2026-06-09T10:28:12.560119+00:00', 'severity': 'INFO', 'endpoint': '/registry/terminology', 'query_string': None, 'data': None, 'error': None}
{'timestamp': '2026-06-09T10:28:12.576538+00:00', 'severity': 'INFO', 'endpoint': '/registry/terminology', 'query_string': None, 'data': {'raw_term': 'Active Term', 'standard_term': 'Active Term', 'normalized_value': 'active term', 'term_type': 'term', 'is_blocked': False}, 'error': None}
{'timestamp': '2026-06-09T10:28:12.579403+00:00', 'severity': 'INFO', 'endpoint': '/registry/terminology', 'query_string': None, 'data': {'raw_term': 'Blocked Term', 'standard_term': 'Blocked Term', 'normalized_value': 'blocked term', 'term_type': 'term', 'is_blocked': True}, 'error': None}
{'timestamp': '2026-06-09T10:28:12.581698+00:00', 'severity': 'INFO', 'endpoint': '/registry/terminology', 'query_string': None, 'data': None, 'error': None}
{'timestamp': '2026-06-09T10:28:12.596917+00:00', 'severity': 'INFO', 'endpoint': '/registry/terminology', 'query_string': None, 'data': {'raw_term': 'Term 0', 'standard_term': 'Term 0', 'normalized_value': 'term 0', 'term_type': 'term'}, 'error': None}
{'timestamp': '2026-06-09T10:28:12.599590+00:00', 'severity': 'INFO', 'endpoint': '/registry/terminology', 'query_string': None, 'data': {'raw_term': 'Term 1', 'standard_term': 'Term 1', 'normalized_value': 'term 1', 'term_type': 'term'}, 'error': None}
{'timestamp': '2026-06-09T10:28:12.601660+00:00', 'severity': 'INFO', 'endpoint': '/registry/terminology', 'query_string': None, 'data': {'raw_term': 'Term 2', 'standard_term': 'Term 2', 'normalized_value': 'term 2', 'term_type': 'term'}, 'error': None}
{'timestamp': '2026-06-09T10:28:12.604468+00:00', 'severity': 'INFO', 'endpoint': '/registry/terminology', 'query_string': None, 'data': {'raw_term': 'Term 3', 'standard_term': 'Term 3', 'normalized_value': 'term 3', 'term_type': 'term'}, 'error': None}
{'timestamp': '2026-06-09T10:28:12.606940+00:00', 'severity': 'INFO', 'endpoint': '/registry/terminology', 'query_string': None, 'data': {'raw_term': 'Term 4', 'standard_term': 'Term 4', 'normalized_value': 'term 4', 'term_type': 'term'}, 'error': None}
{'timestamp': '2026-06-09T10:28:12.609304+00:00', 'severity': 'INFO', 'endpoint': '/registry/terminology', 'query_string': None, 'data': {'raw_term': 'Term 5', 'standard_term': 'Term 5', 'normalized_value': 'term 5', 'term_type': 'term'}, 'error': None}
{'timestamp': '2026-06-09T10:28:12.611486+00:00', 'severity': 'INFO', 'endpoint': '/registry/terminology', 'query_string': None, 'data': {'raw_term': 'Term 6', 'standard_term': 'Term 6', 'normalized_value': 'term 6', 'term_type': 'term'}, 'error': None}
{'timestamp': '2026-06-09T10:28:12.613849+00:00', 'severity': 'INFO', 'endpoint': '/registry/terminology', 'query_string': None, 'data': {'raw_term': 'Term 7', 'standard_term': 'Term 7', 'normalized_value': 'term 7', 'term_type': 'term'}, 'error': None}
{'timestamp': '2026-06-09T10:28:12.615908+00:00', 'severity': 'INFO', 'endpoint': '/registry/terminology', 'query_string': None, 'data': {'raw_term': 'Term 8', 'standard_term': 'Term 8', 'normalized_value': 'term 8', 'term_type': 'term'}, 'error': None}
{'timestamp': '2026-06-09T10:28:12.618110+00:00', 'severity': 'INFO', 'endpoint': '/registry/terminology', 'query_string': None, 'data': {'raw_term': 'Term 9', 'standard_term': 'Term 9', 'normalized_value': 'term 9', 'term_type': 'term'}, 'error': None}
{'timestamp': '2026-06-09T10:28:12.620392+00:00', 'severity': 'INFO', 'endpoint': '/registry/terminology', 'query_string': None, 'data': {'raw_term': 'Term 10', 'standard_term': 'Term 10', 'normalized_value': 'term 10', 'term_type': 'term'}, 'error': None}
{'timestamp': '2026-06-09T10:28:12.622611+00:00', 'severity': 'INFO', 'endpoint': '/registry/terminology', 'query_string': None, 'data': {'raw_term': 'Term 11', 'standard_term': 'Term 11', 'normalized_value': 'term 11', 'term_type': 'term'}, 'error': None}
{'timestamp': '2026-06-09T10:28:12.624727+00:00', 'severity': 'INFO', 'endpoint': '/registry/terminology', 'query_string': None, 'data': {'raw_term': 'Term 12', 'standard_term': 'Term 12', 'normalized_value': 'term 12', 'term_type': 'term'}, 'error': None}
{'timestamp': '2026-06-09T10:28:12.626783+00:00', 'severity': 'INFO', 'endpoint': '/registry/terminology', 'query_string': None, 'data': {'raw_term': 'Term 13', 'standard_term': 'Term 13', 'normalized_value': 'term 13', 'term_type': 'term'}, 'error': None}
{'timestamp': '2026-06-09T10:28:12.628840+00:00', 'severity': 'INFO', 'endpoint': '/registry/terminology', 'query_string': None, 'data': {'raw_term': 'Term 14', 'standard_term': 'Term 14', 'normalized_value': 'term 14', 'term_type': 'term'}, 'error': None}
{'timestamp': '2026-06-09T10:28:12.630981+00:00', 'severity': 'INFO', 'endpoint': '/registry/terminology', 'query_string': None, 'data': None, 'error': None}
{'timestamp': '2026-06-09T10:28:12.644751+00:00', 'severity': 'INFO', 'endpoint': '/registry/terminology', 'query_string': None, 'data': {'raw_term': 'Specific Term', 'standard_term': 'Specific Term', 'normalized_value': 'specific term', 'term_type': 'term'}, 'error': None}
{'timestamp': '2026-06-09T10:28:12.647767+00:00', 'severity': 'INFO', 'endpoint': '/registry/terminology/1', 'query_string': None, 'data': None, 'error': None}
{'timestamp': '2026-06-09T10:28:12.663107+00:00', 'severity': 'INFO', 'endpoint': '/registry/terminology/00000000-0000-0000-0000-000000000000', 'query_string': None, 'data': None, 'error': None}
{'timestamp': '2026-06-09T10:28:12.676751+00:00', 'severity': 'INFO', 'endpoint': '/registry/terminology', 'query_string': None, 'data': {'raw_term': 'Original Term', 'standard_term': 'Original Term', 'normalized_value': 'original term', 'term_type': 'term'}, 'error': None}
{'timestamp': '2026-06-09T10:28:12.680161+00:00', 'severity': 'INFO', 'endpoint': '/registry/terminology/1', 'query_string': None, 'data': {'standard_term': 'Updated Term'}, 'error': None}
{'timestamp': '2026-06-09T10:28:12.693866+00:00', 'severity': 'INFO', 'endpoint': '/registry/terminology/00000000-0000-0000-0000-000000000000', 'query_string': None, 'data': {'standard_term': 'Updated Term'}, 'error': None}
{'timestamp': '2026-06-09T10:28:12.706739+00:00', 'severity': 'INFO', 'endpoint': '/registry/terminology', 'query_string': None, 'data': {'raw_term': 'To Delete', 'standard_term': 'To Delete', 'normalized_value': 'to delete', 'term_type': 'term'}, 'error': None}
{'timestamp': '2026-06-09T10:28:12.709713+00:00', 'severity': 'INFO', 'endpoint': '/registry/terminology/1', 'query_string': None, 'data': None, 'error': None}
{'timestamp': '2026-06-09T10:28:12.712103+00:00', 'severity': 'INFO', 'endpoint': '/registry/terminology/1', 'query_string': None, 'data': None, 'error': None}
{'timestamp': '2026-06-09T10:28:12.726138+00:00', 'severity': 'INFO', 'endpoint': '/registry/terminology/00000000-0000-0000-0000-000000000000', 'query_string': None, 'data': None, 'error': None}
{'timestamp': '2026-06-09T10:28:12.739611+00:00', 'severity': 'INFO', 'endpoint': '/registry/terminology', 'query_string': None, 'data': {'raw_term': 'CPU', 'standard_term': 'CPU', 'normalized_value': 'cpu', 'term_type': 'acronym'}, 'error': None}
{'timestamp': '2026-06-09T10:28:12.743126+00:00', 'severity': 'INFO', 'endpoint': '/registry/terminology/normalize', 'query_string': None, 'data': None, 'error': None}
{'timestamp': '2026-06-09T10:28:12.756978+00:00', 'severity': 'INFO', 'endpoint': '/registry/terminology/normalize', 'query_string': None, 'data': None, 'error': None}
{'timestamp': '2026-06-09T10:28:12.802768+00:00', 'severity': 'INFO', 'endpoint': '/registry/terminology', 'query_string': None, 'data': {'raw_term': 'Patch Term', 'standard_term': 'Patch Term', 'normalized_value': 'patch term', 'term_type': 'term'}, 'error': None}
{'timestamp': '2026-06-09T10:28:12.806221+00:00', 'severity': 'INFO', 'endpoint': '/registry/terminology/1', 'query_string': None, 'data': {'definition': 'This is a patch test'}, 'error': None}
{'timestamp': '2026-06-09T10:28:12.822641+00:00', 'severity': 'INFO', 'endpoint': '/registry/terminology/import', 'query_string': None, 'data': None, 'error': None}
